dtreffre,numdep,nomdep,numregi,nomregi,aah_complaah,aah_age_5,beneficiaires,lieures,date
2023-05,974,LA REUNION,04,LA REUNION,AAH sans complément,Moins de 20 ans,11,LA REUNION/LA REUNION,2023-05-01
2023-05,974,LA REUNION,04,LA REUNION,AAH sans complément,Entre 20 et 24 ans,1247,LA REUNION/LA REUNION,2023-05-01
2023-05,974,LA REUNION,04,LA REUNION,AAH sans complément,Entre 25 et 29 ans,1404,LA REUNION/LA REUNION,2023-05-01
2023-05,974,LA REUNION,04,LA REUNION,AAH sans complément,Entre 40 et 44 ans,1584,LA REUNION/LA REUNION,2023-05-01
2023-05,974,LA REUNION,04,LA REUNION,AAH sans complément,65 ans ou plus,1257,LA REUNION/LA REUNION,2023-05-01
2023-05,974,LA REUNION,04,LA REUNION,AAH avec complément,Entre 25 et 29 ans,84,LA REUNION/LA REUNION,2023-05-01
2023-05,974,LA REUNION,04,LA REUNION,AAH avec complément,Entre 45 et 49 ans,341,LA REUNION/LA REUNION,2023-05-01
2023-04,974,LA REUNION,04,LA REUNION,AAH sans complément,Entre 40 et 44 ans,1577,LA REUNION/LA REUNION,2023-04-01
2023-04,974,LA REUNION,04,LA REUNION,AAH avec complément,Entre 55 et 59 ans,698,LA REUNION/LA REUNION,2023-04-01
2023-04,974,LA REUNION,04,LA REUNION,AAH sans complément,Entre 45 et 49 ans,1862,LA REUNION/LA REUNION,2023-04-01
2023-04,974,LA REUNION,04,LA REUNION,AAH sans complément,Entre 50 et 54 ans,2382,LA REUNION/LA REUNION,2023-04-01
2023-04,974,LA REUNION,04,LA REUNION,AAH avec complément,Age indéterminé,1,LA REUNION/LA REUNION,2023-04-01
2023-04,974,LA REUNION,04,LA REUNION,AAH avec complément,Entre 25 et 29 ans,90,LA REUNION/LA REUNION,2023-04-01
2023-04,974,LA REUNION,04,LA REUNION,AAH avec complément,Entre 50 et 54 ans,504,LA REUNION/LA REUNION,2023-04-01
2023-04,974,LA REUNION,04,LA REUNION,AAH avec complément,Entre 60 et 64 ans,643,LA REUNION/LA REUNION,2023-04-01
2023-01,974,LA REUNION,04,LA REUNION,AAH sans complément,Moins de 20 ans,10,LA REUNION/LA REUNION,2023-01-01
2023-01,974,LA REUNION,04,LA REUNION,AAH sans complément,Entre 30 et 34 ans,1460,LA REUNION/LA REUNION,2023-01-01
2023-01,974,LA REUNION,04,LA REUNION,AAH sans complément,Entre 40 et 44 ans,1561,LA REUNION/LA REUNION,2023-01-01
2023-01,974,LA REUNION,04,LA REUNION,AAH sans complément,Entre 55 et 59 ans,3272,LA REUNION/LA REUNION,2023-01-01
2023-01,974,LA REUNION,04,LA REUNION,AAH avec complément,Entre 20 et 24 ans,40,LA REUNION/LA REUNION,2023-01-01
2023-01,974,LA REUNION,04,LA REUNION,AAH avec complément,Entre 25 et 29 ans,97,LA REUNION/LA REUNION,2023-01-01
2023-01,974,LA REUNION,04,LA REUNION,AAH avec complément,Entre 35 et 39 ans,201,LA REUNION/LA REUNION,2023-01-01
2023-01,974,LA REUNION,04,LA REUNION,AAH avec complément,Entre 40 et 44 ans,260,LA REUNION/LA REUNION,2023-01-01
2023-01,974,LA REUNION,04,LA REUNION,AAH avec complément,Entre 55 et 59 ans,699,LA REUNION/LA REUNION,2023-01-01
2023-01,974,LA REUNION,04,LA REUNION,AAH avec complément,Entre 60 et 64 ans,618,LA REUNION/LA REUNION,2023-01-01
2023-02,974,LA REUNION,04,LA REUNION,AAH sans complément,Moins de 20 ans,12,LA REUNION/LA REUNION,2023-02-01
2023-02,974,LA REUNION,04,LA REUNION,AAH sans complément,Entre 20 et 24 ans,1256,LA REUNION/LA REUNION,2023-02-01
2023-02,974,LA REUNION,04,LA REUNION,AAH sans complément,Entre 25 et 29 ans,1395,LA REUNION/LA REUNION,2023-02-01
2023-02,974,LA REUNION,04,LA REUNION,AAH avec complément,Entre 25 et 29 ans,93,LA REUNION/LA REUNION,2023-02-01
2023-02,974,LA REUNION,04,LA REUNION,AAH avec complément,Entre 50 et 54 ans,506,LA REUNION/LA REUNION,2023-02-01
2021-12,974,LA REUNION,04,LA REUNION,AAH sans complément,Entre 35 et 39 ans,1618,LA REUNION/LA REUNION,2021-12-01
2021-12,974,LA REUNION,04,LA REUNION,AAH sans complément,Entre 50 et 54 ans,2474,LA REUNION/LA REUNION,2021-12-01
2021-12,974,LA REUNION,04,LA REUNION,AAH sans complément,65 ans ou plus,1096,LA REUNION/LA REUNION,2021-12-01
2021-12,974,LA REUNION,04,LA REUNION,AAH avec complément,Entre 45 et 49 ans,377,LA REUNION/LA REUNION,2021-12-01
2022-01,974,LA REUNION,04,LA REUNION,AAH sans complément,Entre 40 et 44 ans,1561,LA REUNION/LA REUNION,2022-01-01
2022-01,974,LA REUNION,04,LA REUNION,AAH avec complément,Entre 50 et 54 ans,578,LA REUNION/LA REUNION,2022-01-01
2022-01,974,LA REUNION,04,LA REUNION,AAH avec complément,65 ans ou plus,410,LA REUNION/LA REUNION,2022-01-01
2021-12,974,LA REUNION,04,LA REUNION,AAH avec complément,Entre 30 et 34 ans,174,LA REUNION/LA REUNION,2021-12-01
2021-12,974,LA REUNION,04,LA REUNION,AAH avec complément,65 ans ou plus,450,LA REUNION/LA REUNION,2021-12-01
2021-06,974,LA REUNION,04,LA REUNION,AAH avec complément,Entre 50 et 54 ans,584,LA REUNION/LA REUNION,2021-06-01
2021-06,974,LA REUNION,04,LA REUNION,AAH sans complément,Age indéterminé,13,LA REUNION/LA REUNION,2021-06-01
2021-06,974,LA REUNION,04,LA REUNION,AAH sans complément,Entre 20 et 24 ans,1259,LA REUNION/LA REUNION,2021-06-01
2021-06,974,LA REUNION,04,LA REUNION,AAH sans complément,Entre 25 et 29 ans,1424,LA REUNION/LA REUNION,2021-06-01
2021-06,974,LA REUNION,04,LA REUNION,AAH sans complément,Entre 35 et 39 ans,1627,LA REUNION/LA REUNION,2021-06-01
2021-06,974,LA REUNION,04,LA REUNION,AAH avec complément,Entre 20 et 24 ans,40,LA REUNION/LA REUNION,2021-06-01
2021-06,974,LA REUNION,04,LA REUNION,AAH avec complément,Entre 45 et 49 ans,405,LA REUNION/LA REUNION,2021-06-01
2021-08,974,LA REUNION,04,LA REUNION,AAH sans complément,Age indéterminé,14,LA REUNION/LA REUNION,2021-08-01
2021-08,974,LA REUNION,04,LA REUNION,AAH sans complément,Entre 20 et 24 ans,1259,LA REUNION/LA REUNION,2021-08-01
2021-08,974,LA REUNION,04,LA REUNION,AAH sans complément,Entre 35 et 39 ans,1618,LA REUNION/LA REUNION,2021-08-01
2021-08,974,LA REUNION,04,LA REUNION,AAH sans complément,Entre 60 et 64 ans,2004,LA REUNION/LA REUNION,2021-08-01
2021-08,974,LA REUNION,04,LA REUNION,AAH sans complément,65 ans ou plus,1054,LA REUNION/LA REUNION,2021-08-01
2021-08,974,LA REUNION,04,LA REUNION,AAH avec complément,Entre 30 et 34 ans,170,LA REUNION/LA REUNION,2021-08-01
2021-08,974,LA REUNION,04,LA REUNION,AAH avec complément,Entre 40 et 44 ans,273,LA REUNION/LA REUNION,2021-08-01
2021-08,974,LA REUNION,04,LA REUNION,AAH avec complément,Entre 45 et 49 ans,393,LA REUNION/LA REUNION,2021-08-01
2021-08,974,LA REUNION,04,LA REUNION,AAH avec complément,Entre 50 et 54 ans,587,LA REUNION/LA REUNION,2021-08-01
2021-07,974,LA REUNION,04,LA REUNION,AAH sans complément,Entre 50 et 54 ans,2486,LA REUNION/LA REUNION,2021-07-01
2021-07,974,LA REUNION,04,LA REUNION,AAH sans complément,Entre 55 et 59 ans,3207,LA REUNION/LA REUNION,2021-07-01
2021-07,974,LA REUNION,04,LA REUNION,AAH sans complément,Entre 60 et 64 ans,2000,LA REUNION/LA REUNION,2021-07-01
2021-07,974,LA REUNION,04,LA REUNION,AAH avec complément,Entre 20 et 24 ans,41,LA REUNION/LA REUNION,2021-07-01
2021-07,974,LA REUNION,04,LA REUNION,AAH avec complément,Entre 30 et 34 ans,166,LA REUNION/LA REUNION,2021-07-01
2021-07,974,LA REUNION,04,LA REUNION,AAH avec complément,Entre 50 et 54 ans,589,LA REUNION/LA REUNION,2021-07-01
2021-05,974,LA REUNION,04,LA REUNION,AAH sans complément,Age indéterminé,11,LA REUNION/LA REUNION,2021-05-01
2021-05,974,LA REUNION,04,LA REUNION,AAH sans complément,Entre 25 et 29 ans,1421,LA REUNION/LA REUNION,2021-05-01
2021-05,974,LA REUNION,04,LA REUNION,AAH sans complément,Entre 30 et 34 ans,1405,LA REUNION/LA REUNION,2021-05-01
2021-05,974,LA REUNION,04,LA REUNION,AAH sans complément,Entre 45 et 49 ans,1918,LA REUNION/LA REUNION,2021-05-01
2021-05,974,LA REUNION,04,LA REUNION,AAH sans complément,Entre 50 et 54 ans,2471,LA REUNION/LA REUNION,2021-05-01
2021-05,974,LA REUNION,04,LA REUNION,AAH sans complément,Entre 55 et 59 ans,3186,LA REUNION/LA REUNION,2021-05-01
2021-05,974,LA REUNION,04,LA REUNION,AAH sans complément,Entre 60 et 64 ans,1984,LA REUNION/LA REUNION,2021-05-01
2021-05,974,LA REUNION,04,LA REUNION,AAH sans complément,65 ans ou plus,1037,LA REUNION/LA REUNION,2021-05-01
2021-05,974,LA REUNION,04,LA REUNION,AAH avec complément,Entre 30 et 34 ans,166,LA REUNION/LA REUNION,2021-05-01
2021-05,974,LA REUNION,04,LA REUNION,AAH avec complément,Entre 35 et 39 ans,218,LA REUNION/LA REUNION,2021-05-01
2021-05,974,LA REUNION,04,LA REUNION,AAH avec complément,Entre 40 et 44 ans,276,LA REUNION/LA REUNION,2021-05-01
2021-05,974,LA REUNION,04,LA REUNION,AAH avec complément,Entre 50 et 54 ans,581,LA REUNION/LA REUNION,2021-05-01
2022-10,974,LA REUNION,04,LA REUNION,AAH sans complément,Moins de 20 ans,8,LA REUNION/LA REUNION,2022-10-01
2022-10,974,LA REUNION,04,LA REUNION,AAH sans complément,Entre 20 et 24 ans,1262,LA REUNION/LA REUNION,2022-10-01
2022-10,974,LA REUNION,04,LA REUNION,AAH sans complément,Entre 30 et 34 ans,1448,LA REUNION/LA REUNION,2022-10-01
2022-10,974,LA REUNION,04,LA REUNION,AAH sans complément,Entre 55 et 59 ans,3266,LA REUNION/LA REUNION,2022-10-01
2022-10,974,LA REUNION,04,LA REUNION,AAH avec complément,Entre 25 et 29 ans,106,LA REUNION/LA REUNION,2022-10-01
2022-10,974,LA REUNION,04,LA REUNION,AAH avec complément,Entre 40 et 44 ans,272,LA REUNION/LA REUNION,2022-10-01
2022-10,974,LA REUNION,04,LA REUNION,AAH avec complément,65 ans ou plus,498,LA REUNION/LA REUNION,2022-10-01
2022-06,974,LA REUNION,04,LA REUNION,AAH sans complément,Entre 20 et 24 ans,1284,LA REUNION/LA REUNION,2022-06-01
2022-06,974,LA REUNION,04,LA REUNION,AAH sans complément,Entre 40 et 44 ans,1561,LA REUNION/LA REUNION,2022-06-01
2022-06,974,LA REUNION,04,LA REUNION,AAH sans complément,65 ans ou plus,1127,LA REUNION/LA REUNION,2022-06-01
2022-06,974,LA REUNION,04,LA REUNION,AAH avec complément,Entre 25 et 29 ans,116,LA REUNION/LA REUNION,2022-06-01
2022-06,974,LA REUNION,04,LA REUNION,AAH avec complément,Entre 60 et 64 ans,602,LA REUNION/LA REUNION,2022-06-01
2022-06,974,LA REUNION,04,LA REUNION,AAH avec complément,65 ans ou plus,483,LA REUNION/LA REUNION,2022-06-01
2022-12,974,LA REUNION,04,LA REUNION,AAH sans complément,Age indéterminé,18,LA REUNION/LA REUNION,2022-12-01
2022-12,974,LA REUNION,04,LA REUNION,AAH sans complément,Entre 25 et 29 ans,1390,LA REUNION/LA REUNION,2022-12-01
2022-12,974,LA REUNION,04,LA REUNION,AAH sans complément,Entre 50 et 54 ans,2384,LA REUNION/LA REUNION,2022-12-01
2022-12,974,LA REUNION,04,LA REUNION,AAH sans complément,Entre 60 et 64 ans,2073,LA REUNION/LA REUNION,2022-12-01
2022-12,974,LA REUNION,04,LA REUNION,AAH sans complément,65 ans ou plus,1200,LA REUNION/LA REUNION,2022-12-01
2022-12,974,LA REUNION,04,LA REUNION,AAH avec complément,Entre 25 et 29 ans,100,LA REUNION/LA REUNION,2022-12-01
2022-12,974,LA REUNION,04,LA REUNION,AAH avec complément,Entre 45 et 49 ans,361,LA REUNION/LA REUNION,2022-12-01
2022-12,974,LA REUNION,04,LA REUNION,AAH avec complément,Entre 55 et 59 ans,711,LA REUNION/LA REUNION,2022-12-01
2022-12,974,LA REUNION,04,LA REUNION,AAH avec complément,Entre 60 et 64 ans,629,LA REUNION/LA REUNION,2022-12-01
2022-05,974,LA REUNION,04,LA REUNION,AAH sans complément,Age indéterminé,11,LA REUNION/LA REUNION,2022-05-01
2022-05,974,LA REUNION,04,LA REUNION,AAH sans complément,Entre 20 et 24 ans,1282,LA REUNION/LA REUNION,2022-05-01
2022-05,974,LA REUNION,04,LA REUNION,AAH sans complément,Entre 30 et 34 ans,1423,LA REUNION/LA REUNION,2022-05-01
2022-05,974,LA REUNION,04,LA REUNION,AAH sans complément,Entre 40 et 44 ans,1561,LA REUNION/LA REUNION,2022-05-01
2022-05,974,LA REUNION,04,LA REUNION,AAH sans complément,Entre 45 et 49 ans,1900,LA REUNION/LA REUNION,2022-05-01
2022-05,974,LA REUNION,04,LA REUNION,AAH sans complément,Entre 55 et 59 ans,3252,LA REUNION/LA REUNION,2022-05-01
2022-05,974,LA REUNION,04,LA REUNION,AAH avec complément,Entre 20 et 24 ans,42,LA REUNION/LA REUNION,2022-05-01
2022-05,974,LA REUNION,04,LA REUNION,AAH avec complément,Entre 25 et 29 ans,117,LA REUNION/LA REUNION,2022-05-01
2022-05,974,LA REUNION,04,LA REUNION,AAH avec complément,Entre 50 et 54 ans,576,LA REUNION/LA REUNION,2022-05-01
2022-05,974,LA REUNION,04,LA REUNION,AAH avec complément,Entre 55 et 59 ans,709,LA REUNION/LA REUNION,2022-05-01
2022-05,974,LA REUNION,04,LA REUNION,AAH avec complément,Entre 60 et 64 ans,580,LA REUNION/LA REUNION,2022-05-01
2022-05,974,LA REUNION,04,LA REUNION,AAH avec complément,65 ans ou plus,471,LA REUNION/LA REUNION,2022-05-01
2021-12,974,LA REUNION,04,LA REUNION,AAH sans complément,Entre 60 et 64 ans,2028,LA REUNION/LA REUNION,2021-12-01
2021-11,974,LA REUNION,04,LA REUNION,AAH sans complément,Entre 55 et 59 ans,3234,LA REUNION/LA REUNION,2021-11-01
2021-11,974,LA REUNION,04,LA REUNION,AAH avec complément,Entre 20 et 24 ans,52,LA REUNION/LA REUNION,2021-11-01
2021-11,974,LA REUNION,04,LA REUNION,AAH avec complément,Entre 30 et 34 ans,173,LA REUNION/LA REUNION,2021-11-01
2021-11,974,LA REUNION,04,LA REUNION,AAH avec complément,Entre 50 et 54 ans,591,LA REUNION/LA REUNION,2021-11-01
2021-11,974,LA REUNION,04,LA REUNION,AAH sans complément,Entre 25 et 29 ans,1387,LA REUNION/LA REUNION,2021-11-01
2021-11,974,LA REUNION,04,LA REUNION,AAH sans complément,Entre 30 et 34 ans,1426,LA REUNION/LA REUNION,2021-11-01
2021-11,974,LA REUNION,04,LA REUNION,AAH sans complément,Entre 35 et 39 ans,1618,LA REUNION/LA REUNION,2021-11-01
2021-11,974,LA REUNION,04,LA REUNION,AAH avec complément,Entre 45 et 49 ans,383,LA REUNION/LA REUNION,2021-11-01
2021-11,974,LA REUNION,04,LA REUNION,AAH sans complément,Entre 45 et 49 ans,1884,LA REUNION/LA REUNION,2021-11-01
2022-11,974,LA REUNION,04,LA REUNION,AAH sans complément,Age indéterminé,12,LA REUNION/LA REUNION,2022-11-01
2022-11,974,LA REUNION,04,LA REUNION,AAH sans complément,Entre 20 et 24 ans,1247,LA REUNION/LA REUNION,2022-11-01
2022-11,974,LA REUNION,04,LA REUNION,AAH sans complément,Entre 55 et 59 ans,3271,LA REUNION/LA REUNION,2022-11-01
2022-11,974,LA REUNION,04,LA REUNION,AAH sans complément,65 ans ou plus,1187,LA REUNION/LA REUNION,2022-11-01
2022-11,974,LA REUNION,04,LA REUNION,AAH avec complément,Entre 30 et 34 ans,157,LA REUNION/LA REUNION,2022-11-01
2022-11,974,LA REUNION,04,LA REUNION,AAH avec complément,Entre 60 et 64 ans,616,LA REUNION/LA REUNION,2022-11-01
2022-11,974,LA REUNION,04,LA REUNION,AAH avec complément,65 ans ou plus,502,LA REUNION/LA REUNION,2022-11-01
2022-07,974,LA REUNION,04,LA REUNION,AAH sans complément,Age indéterminé,15,LA REUNION/LA REUNION,2022-07-01
2022-07,974,LA REUNION,04,LA REUNION,AAH sans complément,Moins de 20 ans,12,LA REUNION/LA REUNION,2022-07-01
2022-07,974,LA REUNION,04,LA REUNION,AAH sans complément,Entre 25 et 29 ans,1392,LA REUNION/LA REUNION,2022-07-01
2022-07,974,LA REUNION,04,LA REUNION,AAH sans complément,Entre 30 et 34 ans,1433,LA REUNION/LA REUNION,2022-07-01
2022-07,974,LA REUNION,04,LA REUNION,AAH sans complément,Entre 40 et 44 ans,1562,LA REUNION/LA REUNION,2022-07-01
2022-07,974,LA REUNION,04,LA REUNION,AAH sans complément,Entre 45 et 49 ans,1885,LA REUNION/LA REUNION,2022-07-01
2022-07,974,LA REUNION,04,LA REUNION,AAH sans complément,Entre 55 et 59 ans,3245,LA REUNION/LA REUNION,2022-07-01
2022-07,974,LA REUNION,04,LA REUNION,AAH sans complément,65 ans ou plus,1144,LA REUNION/LA REUNION,2022-07-01
2022-07,974,LA REUNION,04,LA REUNION,AAH avec complément,Age indéterminé,3,LA REUNION/LA REUNION,2022-07-01
2022-07,974,LA REUNION,04,LA REUNION,AAH avec complément,Entre 30 et 34 ans,160,LA REUNION/LA REUNION,2022-07-01
2022-07,974,LA REUNION,04,LA REUNION,AAH avec complément,Entre 40 et 44 ans,283,LA REUNION/LA REUNION,2022-07-01
2022-07,974,LA REUNION,04,LA REUNION,AAH avec complément,Entre 50 et 54 ans,564,LA REUNION/LA REUNION,2022-07-01
2022-07,974,LA REUNION,04,LA REUNION,AAH avec complément,Entre 55 et 59 ans,709,LA REUNION/LA REUNION,2022-07-01
2022-09,974,LA REUNION,04,LA REUNION,AAH sans complément,Age indéterminé,15,LA REUNION/LA REUNION,2022-09-01
2022-09,974,LA REUNION,04,LA REUNION,AAH sans complément,Entre 25 et 29 ans,1374,LA REUNION/LA REUNION,2022-09-01
2022-09,974,LA REUNION,04,LA REUNION,AAH sans complément,Entre 55 et 59 ans,3266,LA REUNION/LA REUNION,2022-09-01
2022-09,974,LA REUNION,04,LA REUNION,AAH avec complément,Entre 20 et 24 ans,46,LA REUNION/LA REUNION,2022-09-01
2022-09,974,LA REUNION,04,LA REUNION,AAH avec complément,Entre 50 et 54 ans,555,LA REUNION/LA REUNION,2022-09-01
2022-09,974,LA REUNION,04,LA REUNION,AAH avec complément,Entre 60 et 64 ans,606,LA REUNION/LA REUNION,2022-09-01
2022-08,974,LA REUNION,04,LA REUNION,AAH sans complément,Entre 35 et 39 ans,1659,LA REUNION/LA REUNION,2022-08-01
2022-08,974,LA REUNION,04,LA REUNION,AAH sans complément,Entre 40 et 44 ans,1576,LA REUNION/LA REUNION,2022-08-01
2022-08,974,LA REUNION,04,LA REUNION,AAH sans complément,Entre 55 et 59 ans,3261,LA REUNION/LA REUNION,2022-08-01
2022-08,974,LA REUNION,04,LA REUNION,AAH sans complément,65 ans ou plus,1145,LA REUNION/LA REUNION,2022-08-01
2022-08,974,LA REUNION,04,LA REUNION,AAH avec complément,Age indéterminé,5,LA REUNION/LA REUNION,2022-08-01
2022-08,974,LA REUNION,04,LA REUNION,AAH avec complément,Entre 30 et 34 ans,157,LA REUNION/LA REUNION,2022-08-01
2022-08,974,LA REUNION,04,LA REUNION,AAH avec complément,Entre 55 et 59 ans,710,LA REUNION/LA REUNION,2022-08-01
2022-08,974,LA REUNION,04,LA REUNION,AAH avec complément,Entre 60 et 64 ans,612,LA REUNION/LA REUNION,2022-08-01
2019-12,974,LA REUNION,04,LA REUNION,AAH sans complément,Moins de 20 ans,12,LA REUNION/LA REUNION,2019-12-01
2019-12,974,LA REUNION,04,LA REUNION,AAH sans complément,Entre 20 et 24 ans,1219,LA REUNION/LA REUNION,2019-12-01
2019-12,974,LA REUNION,04,LA REUNION,AAH sans complément,Entre 25 et 29 ans,1414,LA REUNION/LA REUNION,2019-12-01
2019-12,974,LA REUNION,04,LA REUNION,AAH sans complément,Entre 50 et 54 ans,2567,LA REUNION/LA REUNION,2019-12-01
2019-12,974,LA REUNION,04,LA REUNION,AAH sans complément,Entre 60 et 64 ans,1860,LA REUNION/LA REUNION,2019-12-01
2019-12,974,LA REUNION,04,LA REUNION,AAH avec complément,Entre 35 et 39 ans,224,LA REUNION/LA REUNION,2019-12-01
2019-12,974,LA REUNION,04,LA REUNION,AAH avec complément,Entre 45 et 49 ans,414,LA REUNION/LA REUNION,2019-12-01
2019-12,974,LA REUNION,04,LA REUNION,AAH avec complément,Entre 50 et 54 ans,573,LA REUNION/LA REUNION,2019-12-01
2019-12,974,LA REUNION,04,LA REUNION,AAH avec complément,65 ans ou plus,410,LA REUNION/LA REUNION,2019-12-01
2019-03,974,LA REUNION,04,LA REUNION,AAH sans complément,Entre 20 et 24 ans,1196,LA REUNION/LA REUNION,2019-03-01
2019-03,974,LA REUNION,04,LA REUNION,AAH sans complément,Entre 25 et 29 ans,1363,LA REUNION/LA REUNION,2019-03-01
2019-03,974,LA REUNION,04,LA REUNION,AAH sans complément,Entre 55 et 59 ans,2844,LA REUNION/LA REUNION,2019-03-01
2019-03,974,LA REUNION,04,LA REUNION,AAH avec complément,Entre 25 et 29 ans,120,LA REUNION/LA REUNION,2019-03-01
2019-03,974,LA REUNION,04,LA REUNION,AAH avec complément,Entre 45 et 49 ans,432,LA REUNION/LA REUNION,2019-03-01
2019-03,974,LA REUNION,04,LA REUNION,AAH avec complément,Entre 60 et 64 ans,534,LA REUNION/LA REUNION,2019-03-01
2019-05,974,LA REUNION,04,LA REUNION,AAH avec complément,65 ans ou plus,345,LA REUNION/LA REUNION,2019-05-01
2019-08,974,LA REUNION,04,LA REUNION,AAH sans complément,Entre 40 et 44 ans,1511,LA REUNION/LA REUNION,2019-08-01
2019-08,974,LA REUNION,04,LA REUNION,AAH sans complément,Entre 45 et 49 ans,1918,LA REUNION/LA REUNION,2019-08-01
2019-08,974,LA REUNION,04,LA REUNION,AAH sans complément,Entre 50 et 54 ans,2616,LA REUNION/LA REUNION,2019-08-01
2019-10,974,LA REUNION,04,LA REUNION,AAH sans complément,Moins de 20 ans,18,LA REUNION/LA REUNION,2019-10-01
2019-10,974,LA REUNION,04,LA REUNION,AAH sans complément,Entre 35 et 39 ans,1481,LA REUNION/LA REUNION,2019-10-01
2019-10,974,LA REUNION,04,LA REUNION,AAH sans complément,Entre 55 et 59 ans,2911,LA REUNION/LA REUNION,2019-10-01
2019-10,974,LA REUNION,04,LA REUNION,AAH sans complément,Entre 60 et 64 ans,1845,LA REUNION/LA REUNION,2019-10-01
2019-10,974,LA REUNION,04,LA REUNION,AAH avec complément,Moins de 20 ans,2,LA REUNION/LA REUNION,2019-10-01
2019-10,974,LA REUNION,04,LA REUNION,AAH avec complément,Entre 20 et 24 ans,55,LA REUNION/LA REUNION,2019-10-01
2019-10,974,LA REUNION,04,LA REUNION,AAH avec complément,Entre 30 et 34 ans,187,LA REUNION/LA REUNION,2019-10-01
2019-10,974,LA REUNION,04,LA REUNION,AAH avec complément,Entre 35 et 39 ans,225,LA REUNION/LA REUNION,2019-10-01
2019-10,974,LA REUNION,04,LA REUNION,AAH avec complément,Entre 40 et 44 ans,310,LA REUNION/LA REUNION,2019-10-01
2019-10,974,LA REUNION,04,LA REUNION,AAH avec complément,Entre 55 et 59 ans,702,LA REUNION/LA REUNION,2019-10-01
2019-10,974,LA REUNION,04,LA REUNION,AAH avec complément,65 ans ou plus,341,LA REUNION/LA REUNION,2019-10-01
2018-12,974,LA REUNION,04,LA REUNION,AAH sans complément,Age indéterminé,16,LA REUNION/LA REUNION,2018-12-01
2018-12,974,LA REUNION,04,LA REUNION,AAH sans complément,Entre 35 et 39 ans,1412,LA REUNION/LA REUNION,2018-12-01
2018-12,974,LA REUNION,04,LA REUNION,AAH sans complément,Entre 50 et 54 ans,2601,LA REUNION/LA REUNION,2018-12-01
2018-12,974,LA REUNION,04,LA REUNION,AAH sans complément,Entre 55 et 59 ans,2824,LA REUNION/LA REUNION,2018-12-01
2018-12,974,LA REUNION,04,LA REUNION,AAH avec complément,Age indéterminé,6,LA REUNION/LA REUNION,2018-12-01
2018-12,974,LA REUNION,04,LA REUNION,AAH avec complément,Entre 20 et 24 ans,64,LA REUNION/LA REUNION,2018-12-01
2018-12,974,LA REUNION,04,LA REUNION,AAH avec complément,Entre 25 et 29 ans,116,LA REUNION/LA REUNION,2018-12-01
2018-12,974,LA REUNION,04,LA REUNION,AAH avec complément,Entre 35 et 39 ans,230,LA REUNION/LA REUNION,2018-12-01
2018-12,974,LA REUNION,04,LA REUNION,AAH avec complément,Entre 55 et 59 ans,689,LA REUNION/LA REUNION,2018-12-01
2019-02,974,LA REUNION,04,LA REUNION,AAH sans complément,Entre 25 et 29 ans,1365,LA REUNION/LA REUNION,2019-02-01
2019-02,974,LA REUNION,04,LA REUNION,AAH sans complément,Entre 40 et 44 ans,1478,LA REUNION/LA REUNION,2019-02-01
2019-02,974,LA REUNION,04,LA REUNION,AAH sans complément,Entre 45 et 49 ans,1909,LA REUNION/LA REUNION,2019-02-01
2019-02,974,LA REUNION,04,LA REUNION,AAH sans complément,Entre 55 et 59 ans,2821,LA REUNION/LA REUNION,2019-02-01
2019-02,974,LA REUNION,04,LA REUNION,AAH avec complément,Age indéterminé,5,LA REUNION/LA REUNION,2019-02-01
2019-02,974,LA REUNION,04,LA REUNION,AAH avec complément,Moins de 20 ans,1,LA REUNION/LA REUNION,2019-02-01
2019-02,974,LA REUNION,04,LA REUNION,AAH avec complément,Entre 25 et 29 ans,120,LA REUNION/LA REUNION,2019-02-01
2019-02,974,LA REUNION,04,LA REUNION,AAH avec complément,Entre 35 et 39 ans,232,LA REUNION/LA REUNION,2019-02-01
2019-02,974,LA REUNION,04,LA REUNION,AAH avec complément,Entre 60 et 64 ans,532,LA REUNION/LA REUNION,2019-02-01
2019-02,974,LA REUNION,04,LA REUNION,AAH avec complément,65 ans ou plus,322,LA REUNION/LA REUNION,2019-02-01
2023-10,974,LA REUNION,04,LA REUNION,AAH sans complément,Age indéterminé,14,LA REUNION/LA REUNION,2023-10-01
2023-10,974,LA REUNION,04,LA REUNION,AAH sans complément,65 ans ou plus,1329,LA REUNION/LA REUNION,2023-10-01
2023-10,974,LA REUNION,04,LA REUNION,AAH avec complément,Age indéterminé,4,LA REUNION/LA REUNION,2023-10-01
2023-10,974,LA REUNION,04,LA REUNION,AAH avec complément,Moins de 20 ans,1,LA REUNION/LA REUNION,2023-10-01
2023-10,974,LA REUNION,04,LA REUNION,AAH avec complément,Entre 25 et 29 ans,91,LA REUNION/LA REUNION,2023-10-01
2023-10,974,LA REUNION,04,LA REUNION,AAH avec complément,Entre 35 et 39 ans,213,LA REUNION/LA REUNION,2023-10-01
2024-06,974,LA REUNION,04,LA REUNION,AAH sans complément,Entre 20 et 24 ans,1255,LA REUNION/LA REUNION,2024-06-01
2024-06,974,LA REUNION,04,LA REUNION,AAH sans complément,Entre 30 et 34 ans,1608,LA REUNION/LA REUNION,2024-06-01
2024-06,974,LA REUNION,04,LA REUNION,AAH avec complément,Entre 35 et 39 ans,208,LA REUNION/LA REUNION,2024-06-01
2024-06,974,LA REUNION,04,LA REUNION,AAH avec complément,Entre 50 et 54 ans,480,LA REUNION/LA REUNION,2024-06-01
2023-09,974,LA REUNION,04,LA REUNION,AAH sans complément,Entre 35 et 39 ans,1636,LA REUNION/LA REUNION,2023-09-01
2023-09,974,LA REUNION,04,LA REUNION,AAH sans complément,Entre 40 et 44 ans,1645,LA REUNION/LA REUNION,2023-09-01
2023-09,974,LA REUNION,04,LA REUNION,AAH sans complément,Entre 50 et 54 ans,2425,LA REUNION/LA REUNION,2023-09-01
2023-09,974,LA REUNION,04,LA REUNION,AAH sans complément,Entre 55 et 59 ans,3245,LA REUNION/LA REUNION,2023-09-01
2023-09,974,LA REUNION,04,LA REUNION,AAH sans complément,Entre 60 et 64 ans,2202,LA REUNION/LA REUNION,2023-09-01
2023-09,974,LA REUNION,04,LA REUNION,AAH avec complément,Moins de 20 ans,2,LA REUNION/LA REUNION,2023-09-01
2023-09,974,LA REUNION,04,LA REUNION,AAH avec complément,Entre 20 et 24 ans,35,LA REUNION/LA REUNION,2023-09-01
2023-09,974,LA REUNION,04,LA REUNION,AAH avec complément,Entre 25 et 29 ans,93,LA REUNION/LA REUNION,2023-09-01
2023-11,974,LA REUNION,04,LA REUNION,AAH sans complément,Moins de 20 ans,7,LA REUNION/LA REUNION,2023-11-01
2023-11,974,LA REUNION,04,LA REUNION,AAH sans complément,Entre 25 et 29 ans,1436,LA REUNION/LA REUNION,2023-11-01
2023-11,974,LA REUNION,04,LA REUNION,AAH sans complément,Entre 40 et 44 ans,1701,LA REUNION/LA REUNION,2023-11-01
2023-11,974,LA REUNION,04,LA REUNION,AAH sans complément,Entre 45 et 49 ans,1900,LA REUNION/LA REUNION,2023-11-01
2023-11,974,LA REUNION,04,LA REUNION,AAH sans complément,Entre 55 et 59 ans,3266,LA REUNION/LA REUNION,2023-11-01
2023-11,974,LA REUNION,04,LA REUNION,AAH avec complément,Moins de 20 ans,1,LA REUNION/LA REUNION,2023-11-01
2023-11,974,LA REUNION,04,LA REUNION,AAH avec complément,Entre 40 et 44 ans,264,LA REUNION/LA REUNION,2023-11-01
2023-11,974,LA REUNION,04,LA REUNION,AAH avec complément,Entre 50 et 54 ans,477,LA REUNION/LA REUNION,2023-11-01
2023-11,974,LA REUNION,04,LA REUNION,AAH avec complément,65 ans ou plus,555,LA REUNION/LA REUNION,2023-11-01
2024-10,974,LA REUNION,04,LA REUNION,AAH sans complément,Entre 20 et 24 ans,1226,LA REUNION/LA REUNION,2024-10-01
2024-10,974,LA REUNION,04,LA REUNION,AAH sans complément,Entre 60 et 64 ans,2296,LA REUNION/LA REUNION,2024-10-01
2024-11,974,LA REUNION,04,LA REUNION,AAH sans complément,Moins de 20 ans,12,LA REUNION/LA REUNION,2024-11-01
2024-11,974,LA REUNION,04,LA REUNION,AAH sans complément,Entre 45 et 49 ans,1999,LA REUNION/LA REUNION,2024-11-01
2024-11,974,LA REUNION,04,LA REUNION,AAH sans complément,Entre 55 et 59 ans,3343,LA REUNION/LA REUNION,2024-11-01
2024-11,974,LA REUNION,04,LA REUNION,AAH sans complément,Entre 60 et 64 ans,2279,LA REUNION/LA REUNION,2024-11-01
2024-11,974,LA REUNION,04,LA REUNION,AAH avec complément,Moins de 20 ans,1,LA REUNION/LA REUNION,2024-11-01
2024-11,974,LA REUNION,04,LA REUNION,AAH avec complément,Entre 20 et 24 ans,34,LA REUNION/LA REUNION,2024-11-01
2024-11,974,LA REUNION,04,LA REUNION,AAH avec complément,Entre 25 et 29 ans,71,LA REUNION/LA REUNION,2024-11-01
2024-11,974,LA REUNION,04,LA REUNION,AAH avec complément,Entre 40 et 44 ans,229,LA REUNION/LA REUNION,2024-11-01
2024-11,974,LA REUNION,04,LA REUNION,AAH avec complément,Entre 45 et 49 ans,320,LA REUNION/LA REUNION,2024-11-01
2024-11,974,LA REUNION,04,LA REUNION,AAH avec complément,Entre 55 et 59 ans,678,LA REUNION/LA REUNION,2024-11-01
2024-11,974,LA REUNION,04,LA REUNION,AAH avec complément,Entre 60 et 64 ans,624,LA REUNION/LA REUNION,2024-11-01
2024-11,974,LA REUNION,04,LA REUNION,AAH avec complément,65 ans ou plus,645,LA REUNION/LA REUNION,2024-11-01
2023-12,974,LA REUNION,04,LA REUNION,AAH sans complément,Age indéterminé,16,LA REUNION/LA REUNION,2023-12-01
2023-12,974,LA REUNION,04,LA REUNION,AAH sans complément,Entre 20 et 24 ans,1244,LA REUNION/LA REUNION,2023-12-01
2023-12,974,LA REUNION,04,LA REUNION,AAH sans complément,Entre 25 et 29 ans,1434,LA REUNION/LA REUNION,2023-12-01
2023-12,974,LA REUNION,04,LA REUNION,AAH sans complément,Entre 45 et 49 ans,1914,LA REUNION/LA REUNION,2023-12-01
2023-12,974,LA REUNION,04,LA REUNION,AAH sans complément,Entre 60 et 64 ans,2237,LA REUNION/LA REUNION,2023-12-01
2023-12,974,LA REUNION,04,LA REUNION,AAH avec complément,Entre 20 et 24 ans,37,LA REUNION/LA REUNION,2023-12-01
2023-12,974,LA REUNION,04,LA REUNION,AAH avec complément,Entre 40 et 44 ans,260,LA REUNION/LA REUNION,2023-12-01
2023-12,974,LA REUNION,04,LA REUNION,AAH avec complément,Entre 45 et 49 ans,319,LA REUNION/LA REUNION,2023-12-01
2023-12,974,LA REUNION,04,LA REUNION,AAH avec complément,Entre 55 et 59 ans,702,LA REUNION/LA REUNION,2023-12-01
2023-12,974,LA REUNION,04,LA REUNION,AAH avec complément,Entre 60 et 64 ans,665,LA REUNION/LA REUNION,2023-12-01
2023-03,974,LA REUNION,04,LA REUNION,AAH sans complément,Entre 20 et 24 ans,1256,LA REUNION/LA REUNION,2023-03-01
2023-03,974,LA REUNION,04,LA REUNION,AAH sans complément,Entre 35 et 39 ans,1682,LA REUNION/LA REUNION,2023-03-01
2023-03,974,LA REUNION,04,LA REUNION,AAH sans complément,Entre 45 et 49 ans,1872,LA REUNION/LA REUNION,2023-03-01
2023-03,974,LA REUNION,04,LA REUNION,AAH sans complément,Entre 60 et 64 ans,2090,LA REUNION/LA REUNION,2023-03-01
2023-03,974,LA REUNION,04,LA REUNION,AAH avec complément,Entre 35 et 39 ans,200,LA REUNION/LA REUNION,2023-03-01
2023-03,974,LA REUNION,04,LA REUNION,AAH avec complément,Entre 40 et 44 ans,268,LA REUNION/LA REUNION,2023-03-01
2023-03,974,LA REUNION,04,LA REUNION,AAH avec complément,Entre 55 et 59 ans,696,LA REUNION/LA REUNION,2023-03-01
2023-03,974,LA REUNION,04,LA REUNION,AAH avec complément,Entre 60 et 64 ans,624,LA REUNION/LA REUNION,2023-03-01
2023-03,974,LA REUNION,04,LA REUNION,AAH avec complément,65 ans ou plus,452,LA REUNION/LA REUNION,2023-03-01
2019-05,974,LA REUNION,04,LA REUNION,AAH sans complément,Entre 25 et 29 ans,1379,LA REUNION/LA REUNION,2019-05-01
2019-05,974,LA REUNION,04,LA REUNION,AAH sans complément,65 ans ou plus,834,LA REUNION/LA REUNION,2019-05-01
2019-05,974,LA REUNION,04,LA REUNION,AAH avec complément,Moins de 20 ans,1,LA REUNION/LA REUNION,2019-05-01
2019-05,974,LA REUNION,04,LA REUNION,AAH avec complément,Entre 30 et 34 ans,186,LA REUNION/LA REUNION,2019-05-01
2019-05,974,LA REUNION,04,LA REUNION,AAH avec complément,Entre 35 et 39 ans,226,LA REUNION/LA REUNION,2019-05-01
2019-05,974,LA REUNION,04,LA REUNION,AAH avec complément,Entre 60 et 64 ans,543,LA REUNION/LA REUNION,2019-05-01
2019-07,974,LA REUNION,04,LA REUNION,AAH sans complément,Age indéterminé,9,LA REUNION/LA REUNION,2019-07-01
2019-07,974,LA REUNION,04,LA REUNION,AAH sans complément,Entre 20 et 24 ans,1230,LA REUNION/LA REUNION,2019-07-01
2019-07,974,LA REUNION,04,LA REUNION,AAH sans complément,Entre 25 et 29 ans,1374,LA REUNION/LA REUNION,2019-07-01
2019-07,974,LA REUNION,04,LA REUNION,AAH sans complément,Entre 35 et 39 ans,1445,LA REUNION/LA REUNION,2019-07-01
2019-07,974,LA REUNION,04,LA REUNION,AAH sans complément,Entre 45 et 49 ans,1898,LA REUNION/LA REUNION,2019-07-01
2019-07,974,LA REUNION,04,LA REUNION,AAH sans complément,Entre 60 et 64 ans,1807,LA REUNION/LA REUNION,2019-07-01
2019-07,974,LA REUNION,04,LA REUNION,AAH sans complément,65 ans ou plus,809,LA REUNION/LA REUNION,2019-07-01
2019-07,974,LA REUNION,04,LA REUNION,AAH avec complément,Age indéterminé,3,LA REUNION/LA REUNION,2019-07-01
2019-07,974,LA REUNION,04,LA REUNION,AAH avec complément,Moins de 20 ans,1,LA REUNION/LA REUNION,2019-07-01
2019-07,974,LA REUNION,04,LA REUNION,AAH avec complément,Entre 20 et 24 ans,55,LA REUNION/LA REUNION,2019-07-01
2019-07,974,LA REUNION,04,LA REUNION,AAH avec complément,Entre 35 et 39 ans,225,LA REUNION/LA REUNION,2019-07-01
2019-07,974,LA REUNION,04,LA REUNION,AAH avec complément,Entre 40 et 44 ans,316,LA REUNION/LA REUNION,2019-07-01
2019-07,974,LA REUNION,04,LA REUNION,AAH avec complément,Entre 55 et 59 ans,705,LA REUNION/LA REUNION,2019-07-01
2019-08,974,LA REUNION,04,LA REUNION,AAH sans complément,65 ans ou plus,821,LA REUNION/LA REUNION,2019-08-01
2019-08,974,LA REUNION,04,LA REUNION,AAH avec complément,Moins de 20 ans,1,LA REUNION/LA REUNION,2019-08-01
2019-08,974,LA REUNION,04,LA REUNION,AAH avec complément,Entre 20 et 24 ans,60,LA REUNION/LA REUNION,2019-08-01
2019-08,974,LA REUNION,04,LA REUNION,AAH avec complément,Entre 50 et 54 ans,579,LA REUNION/LA REUNION,2019-08-01
2019-08,974,LA REUNION,04,LA REUNION,AAH avec complément,65 ans ou plus,322,LA REUNION/LA REUNION,2019-08-01
2019-09,974,LA REUNION,04,LA REUNION,AAH sans complément,Age indéterminé,9,LA REUNION/LA REUNION,2019-09-01
2019-09,974,LA REUNION,04,LA REUNION,AAH sans complément,Moins de 20 ans,17,LA REUNION/LA REUNION,2019-09-01
2019-09,974,LA REUNION,04,LA REUNION,AAH sans complément,Entre 20 et 24 ans,1223,LA REUNION/LA REUNION,2019-09-01
2019-09,974,LA REUNION,04,LA REUNION,AAH sans complément,Entre 25 et 29 ans,1412,LA REUNION/LA REUNION,2019-09-01
2019-09,974,LA REUNION,04,LA REUNION,AAH avec complément,Age indéterminé,3,LA REUNION/LA REUNION,2019-09-01
2019-09,974,LA REUNION,04,LA REUNION,AAH avec complément,Entre 40 et 44 ans,313,LA REUNION/LA REUNION,2019-09-01
2019-09,974,LA REUNION,04,LA REUNION,AAH avec complément,Entre 50 et 54 ans,579,LA REUNION/LA REUNION,2019-09-01
2019-06,974,LA REUNION,04,LA REUNION,AAH sans complément,Moins de 20 ans,18,LA REUNION/LA REUNION,2019-06-01
2019-06,974,LA REUNION,04,LA REUNION,AAH avec complément,Entre 20 et 24 ans,56,LA REUNION/LA REUNION,2019-06-01
2018-11,974,LA REUNION,04,LA REUNION,AAH sans complément,Entre 55 et 59 ans,2802,LA REUNION/LA REUNION,2018-11-01
2018-11,974,LA REUNION,04,LA REUNION,AAH sans complément,Entre 35 et 39 ans,1401,LA REUNION/LA REUNION,2018-11-01
2018-11,974,LA REUNION,04,LA REUNION,AAH avec complément,65 ans ou plus,315,LA REUNION/LA REUNION,2018-11-01
2018-11,974,LA REUNION,04,LA REUNION,AAH sans complément,Entre 45 et 49 ans,1911,LA REUNION/LA REUNION,2018-11-01
2018-10,974,LA REUNION,04,LA REUNION,AAH avec complément,Entre 20 et 24 ans,61,LA REUNION/LA REUNION,2018-10-01
2018-10,974,LA REUNION,04,LA REUNION,AAH avec complément,Entre 30 et 34 ans,179,LA REUNION/LA REUNION,2018-10-01
2018-10,974,LA REUNION,04,LA REUNION,AAH avec complément,Entre 45 et 49 ans,409,LA REUNION/LA REUNION,2018-10-01
2019-01,974,LA REUNION,04,LA REUNION,AAH sans complément,Age indéterminé,12,LA REUNION/LA REUNION,2019-01-01
2019-01,974,LA REUNION,04,LA REUNION,AAH sans complément,Moins de 20 ans,18,LA REUNION/LA REUNION,2019-01-01
2019-01,974,LA REUNION,04,LA REUNION,AAH sans complément,Entre 60 et 64 ans,1791,LA REUNION/LA REUNION,2019-01-01
2019-01,974,LA REUNION,04,LA REUNION,AAH sans complément,65 ans ou plus,789,LA REUNION/LA REUNION,2019-01-01
2019-01,974,LA REUNION,04,LA REUNION,AAH avec complément,Entre 20 et 24 ans,62,LA REUNION/LA REUNION,2019-01-01
2019-01,974,LA REUNION,04,LA REUNION,AAH avec complément,Entre 30 et 34 ans,186,LA REUNION/LA REUNION,2019-01-01
2019-01,974,LA REUNION,04,LA REUNION,AAH avec complément,Entre 40 et 44 ans,292,LA REUNION/LA REUNION,2019-01-01
2019-01,974,LA REUNION,04,LA REUNION,AAH avec complément,Entre 50 et 54 ans,577,LA REUNION/LA REUNION,2019-01-01
2019-01,974,LA REUNION,04,LA REUNION,AAH avec complément,Entre 55 et 59 ans,680,LA REUNION/LA REUNION,2019-01-01
2019-01,974,LA REUNION,04,LA REUNION,AAH avec complément,Entre 60 et 64 ans,543,LA REUNION/LA REUNION,2019-01-01
2019-06,974,LA REUNION,04,LA REUNION,AAH avec complément,Entre 50 et 54 ans,583,LA REUNION/LA REUNION,2019-06-01
2019-06,974,LA REUNION,04,LA REUNION,AAH avec complément,65 ans ou plus,306,LA REUNION/LA REUNION,2019-06-01
2025-10,974,LA REUNION,04,LA REUNION,AAH sans complément,Age indéterminé,24,LA REUNION/LA REUNION,2025-10-01
2025-10,974,LA REUNION,04,LA REUNION,AAH sans complément,Entre 20 et 24 ans,1285,LA REUNION/LA REUNION,2025-10-01
2025-10,974,LA REUNION,04,LA REUNION,AAH sans complément,Entre 55 et 59 ans,3249,LA REUNION/LA REUNION,2025-10-01
2025-10,974,LA REUNION,04,LA REUNION,AAH sans complément,Entre 60 et 64 ans,2321,LA REUNION/LA REUNION,2025-10-01
2025-10,974,LA REUNION,04,LA REUNION,AAH avec complément,Age indéterminé,1,LA REUNION/LA REUNION,2025-10-01
2025-10,974,LA REUNION,04,LA REUNION,AAH avec complément,Entre 35 et 39 ans,182,LA REUNION/LA REUNION,2025-10-01
2025-10,974,LA REUNION,04,LA REUNION,AAH avec complément,Entre 45 et 49 ans,284,LA REUNION/LA REUNION,2025-10-01
2025-10,974,LA REUNION,04,LA REUNION,AAH avec complément,Entre 60 et 64 ans,652,LA REUNION/LA REUNION,2025-10-01
2025-10,974,LA REUNION,04,LA REUNION,AAH avec complément,Moins de 20 ans,2,LA REUNION/LA REUNION,2025-10-01
2025-09,974,LA REUNION,04,LA REUNION,AAH avec complément,Moins de 20 ans,2,LA REUNION/LA REUNION,2025-09-01
2025-09,974,LA REUNION,04,LA REUNION,AAH avec complément,Entre 20 et 24 ans,28,LA REUNION/LA REUNION,2025-09-01
2025-09,974,LA REUNION,04,LA REUNION,AAH avec complément,65 ans ou plus,609,LA REUNION/LA REUNION,2025-09-01
2025-07,974,LA REUNION,04,LA REUNION,AAH sans complément,Entre 30 et 34 ans,1628,LA REUNION/LA REUNION,2025-07-01
2025-07,974,LA REUNION,04,LA REUNION,AAH sans complément,Entre 40 et 44 ans,1956,LA REUNION/LA REUNION,2025-07-01
2025-07,974,LA REUNION,04,LA REUNION,AAH sans complément,Entre 50 et 54 ans,2510,LA REUNION/LA REUNION,2025-07-01
2025-07,974,LA REUNION,04,LA REUNION,AAH sans complément,Entre 55 et 59 ans,3268,LA REUNION/LA REUNION,2025-07-01
2025-04,974,LA REUNION,04,LA REUNION,AAH sans complément,Entre 20 et 24 ans,1249,LA REUNION/LA REUNION,2025-04-01
2025-04,974,LA REUNION,04,LA REUNION,AAH sans complément,Entre 60 et 64 ans,2308,LA REUNION/LA REUNION,2025-04-01
2025-04,974,LA REUNION,04,LA REUNION,AAH avec complément,Entre 20 et 24 ans,30,LA REUNION/LA REUNION,2025-04-01
2025-04,974,LA REUNION,04,LA REUNION,AAH avec complément,Entre 30 et 34 ans,142,LA REUNION/LA REUNION,2025-04-01
2025-04,974,LA REUNION,04,LA REUNION,AAH avec complément,Entre 35 et 39 ans,189,LA REUNION/LA REUNION,2025-04-01
2025-04,974,LA REUNION,04,LA REUNION,AAH avec complément,Entre 60 et 64 ans,628,LA REUNION/LA REUNION,2025-04-01
2025-11,974,LA REUNION,04,LA REUNION,AAH sans complément,Entre 20 et 24 ans,1293,LA REUNION/LA REUNION,2025-11-01
2025-11,974,LA REUNION,04,LA REUNION,AAH sans complément,Entre 40 et 44 ans,1958,LA REUNION/LA REUNION,2025-11-01
2025-11,974,LA REUNION,04,LA REUNION,AAH sans complément,Entre 55 et 59 ans,3256,LA REUNION/LA REUNION,2025-11-01
2025-11,974,LA REUNION,04,LA REUNION,AAH avec complément,Age indéterminé,1,LA REUNION/LA REUNION,2025-11-01
2025-11,974,LA REUNION,04,LA REUNION,AAH avec complément,Moins de 20 ans,3,LA REUNION/LA REUNION,2025-11-01
2025-11,974,LA REUNION,04,LA REUNION,AAH avec complément,Entre 30 et 34 ans,130,LA REUNION/LA REUNION,2025-11-01
2025-11,974,LA REUNION,04,LA REUNION,AAH avec complément,Entre 40 et 44 ans,241,LA REUNION/LA REUNION,2025-11-01
2025-11,974,LA REUNION,04,LA REUNION,AAH avec complément,Entre 45 et 49 ans,283,LA REUNION/LA REUNION,2025-11-01
2025-11,974,LA REUNION,04,LA REUNION,AAH avec complément,Entre 50 et 54 ans,420,LA REUNION/LA REUNION,2025-11-01
2025-02,974,LA REUNION,04,LA REUNION,AAH avec complément,Entre 20 et 24 ans,30,LA REUNION/LA REUNION,2025-02-01
2025-02,974,LA REUNION,04,LA REUNION,AAH avec complément,Entre 25 et 29 ans,64,LA REUNION/LA REUNION,2025-02-01
2025-02,974,LA REUNION,04,LA REUNION,AAH avec complément,Entre 35 et 39 ans,198,LA REUNION/LA REUNION,2025-02-01
2025-02,974,LA REUNION,04,LA REUNION,AAH avec complément,Entre 50 et 54 ans,441,LA REUNION/LA REUNION,2025-02-01
2025-02,974,LA REUNION,04,LA REUNION,AAH avec complément,65 ans ou plus,556,LA REUNION/LA REUNION,2025-02-01
2025-01,974,LA REUNION,04,LA REUNION,AAH sans complément,Age indéterminé,15,LA REUNION/LA REUNION,2025-01-01
2025-01,974,LA REUNION,04,LA REUNION,AAH sans complément,Entre 20 et 24 ans,1223,LA REUNION/LA REUNION,2025-01-01
2025-01,974,LA REUNION,04,LA REUNION,AAH sans complément,Entre 25 et 29 ans,1485,LA REUNION/LA REUNION,2025-01-01
2025-01,974,LA REUNION,04,LA REUNION,AAH sans complément,Entre 30 et 34 ans,1632,LA REUNION/LA REUNION,2025-01-01
2025-01,974,LA REUNION,04,LA REUNION,AAH sans complément,Entre 35 et 39 ans,1629,LA REUNION/LA REUNION,2025-01-01
2025-01,974,LA REUNION,04,LA REUNION,AAH sans complément,Entre 45 et 49 ans,2007,LA REUNION/LA REUNION,2025-01-01
2025-01,974,LA REUNION,04,LA REUNION,AAH avec complément,Age indéterminé,4,LA REUNION/LA REUNION,2025-01-01
2025-01,974,LA REUNION,04,LA REUNION,AAH avec complément,Moins de 20 ans,1,LA REUNION/LA REUNION,2025-01-01
2025-01,974,LA REUNION,04,LA REUNION,AAH avec complément,Entre 25 et 29 ans,64,LA REUNION/LA REUNION,2025-01-01
2025-01,974,LA REUNION,04,LA REUNION,AAH avec complément,Entre 30 et 34 ans,138,LA REUNION/LA REUNION,2025-01-01
2025-01,974,LA REUNION,04,LA REUNION,AAH avec complément,Entre 55 et 59 ans,647,LA REUNION/LA REUNION,2025-01-01
2025-07,974,LA REUNION,04,LA REUNION,AAH avec complément,Entre 45 et 49 ans,295,LA REUNION/LA REUNION,2025-07-01
2025-07,974,LA REUNION,04,LA REUNION,AAH avec complément,Entre 50 et 54 ans,440,LA REUNION/LA REUNION,2025-07-01
2025-07,974,LA REUNION,04,LA REUNION,AAH avec complément,Entre 60 et 64 ans,637,LA REUNION/LA REUNION,2025-07-01
2025-07,974,LA REUNION,04,LA REUNION,AAH avec complément,65 ans ou plus,585,LA REUNION/LA REUNION,2025-07-01
2025-05,974,LA REUNION,04,LA REUNION,AAH avec complément,Entre 50 et 54 ans,444,LA REUNION/LA REUNION,2025-05-01
2025-05,974,LA REUNION,04,LA REUNION,AAH avec complément,65 ans ou plus,582,LA REUNION/LA REUNION,2025-05-01
2025-05,974,LA REUNION,04,LA REUNION,AAH sans complément,Entre 30 et 34 ans,1631,LA REUNION/LA REUNION,2025-05-01
2025-05,974,LA REUNION,04,LA REUNION,AAH sans complément,Entre 60 et 64 ans,2295,LA REUNION/LA REUNION,2025-05-01
2025-06,974,LA REUNION,04,LA REUNION,AAH sans complément,Age indéterminé,8,LA REUNION/LA REUNION,2025-06-01
2025-06,974,LA REUNION,04,LA REUNION,AAH sans complément,Moins de 20 ans,9,LA REUNION/LA REUNION,2025-06-01
2025-06,974,LA REUNION,04,LA REUNION,AAH sans complément,Entre 20 et 24 ans,1268,LA REUNION/LA REUNION,2025-06-01
2025-06,974,LA REUNION,04,LA REUNION,AAH sans complément,Entre 30 et 34 ans,1629,LA REUNION/LA REUNION,2025-06-01
2025-06,974,LA REUNION,04,LA REUNION,AAH sans complément,65 ans ou plus,1435,LA REUNION/LA REUNION,2025-06-01
2025-06,974,LA REUNION,04,LA REUNION,AAH avec complément,Entre 40 et 44 ans,247,LA REUNION/LA REUNION,2025-06-01
2025-06,974,LA REUNION,04,LA REUNION,AAH avec complément,Entre 45 et 49 ans,297,LA REUNION/LA REUNION,2025-06-01
2025-06,974,LA REUNION,04,LA REUNION,AAH avec complément,Entre 55 et 59 ans,641,LA REUNION/LA REUNION,2025-06-01
2025-06,974,LA REUNION,04,LA REUNION,AAH avec complément,Entre 60 et 64 ans,643,LA REUNION/LA REUNION,2025-06-01
2025-06,974,LA REUNION,04,LA REUNION,AAH avec complément,65 ans ou plus,583,LA REUNION/LA REUNION,2025-06-01
2025-12,974,LA REUNION,04,LA REUNION,AAH sans complément,Entre 20 et 24 ans,1287,LA REUNION/LA REUNION,2025-12-01
2025-12,974,LA REUNION,04,LA REUNION,AAH sans complément,Entre 30 et 34 ans,1644,LA REUNION/LA REUNION,2025-12-01
2025-12,974,LA REUNION,04,LA REUNION,AAH avec complément,Moins de 20 ans,3,LA REUNION/LA REUNION,2025-12-01
2025-12,974,LA REUNION,04,LA REUNION,AAH avec complément,Entre 25 et 29 ans,59,LA REUNION/LA REUNION,2025-12-01
2025-12,974,LA REUNION,04,LA REUNION,AAH avec complément,Entre 40 et 44 ans,244,LA REUNION/LA REUNION,2025-12-01
2025-12,974,LA REUNION,04,LA REUNION,AAH avec complément,Entre 45 et 49 ans,279,LA REUNION/LA REUNION,2025-12-01
2025-12,974,LA REUNION,04,LA REUNION,AAH avec complément,Entre 50 et 54 ans,425,LA REUNION/LA REUNION,2025-12-01
2025-12,974,LA REUNION,04,LA REUNION,AAH avec complément,Entre 55 et 59 ans,621,LA REUNION/LA REUNION,2025-12-01
2025-12,974,LA REUNION,04,LA REUNION,AAH avec complément,Entre 60 et 64 ans,655,LA REUNION/LA REUNION,2025-12-01
2025-12,974,LA REUNION,04,LA REUNION,AAH avec complément,65 ans ou plus,640,LA REUNION/LA REUNION,2025-12-01
2026-01,974,LA REUNION,04,LA REUNION,AAH sans complément,Age indéterminé,17,LA REUNION/LA REUNION,2026-01-01
2026-01,974,LA REUNION,04,LA REUNION,AAH sans complément,Entre 20 et 24 ans,1294,LA REUNION/LA REUNION,2026-01-01
2026-01,974,LA REUNION,04,LA REUNION,AAH sans complément,Entre 60 et 64 ans,2285,LA REUNION/LA REUNION,2026-01-01
2026-01,974,LA REUNION,04,LA REUNION,AAH avec complément,Entre 30 et 34 ans,131,LA REUNION/LA REUNION,2026-01-01
2026-01,974,LA REUNION,04,LA REUNION,AAH avec complément,Entre 35 et 39 ans,184,LA REUNION/LA REUNION,2026-01-01
2026-01,974,LA REUNION,04,LA REUNION,AAH avec complément,Entre 40 et 44 ans,241,LA REUNION/LA REUNION,2026-01-01
2026-01,974,LA REUNION,04,LA REUNION,AAH avec complément,Entre 60 et 64 ans,608,LA REUNION/LA REUNION,2026-01-01
2026-02,974,LA REUNION,04,LA REUNION,AAH sans complément,Entre 25 et 29 ans,1515,LA REUNION/LA REUNION,2026-02-01
2026-02,974,LA REUNION,04,LA REUNION,AAH sans complément,Entre 40 et 44 ans,1991,LA REUNION/LA REUNION,2026-02-01
2026-02,974,LA REUNION,04,LA REUNION,AAH sans complément,Entre 45 et 49 ans,2011,LA REUNION/LA REUNION,2026-02-01
2026-02,974,LA REUNION,04,LA REUNION,AAH sans complément,65 ans ou plus,1492,LA REUNION/LA REUNION,2026-02-01
2026-02,974,LA REUNION,04,LA REUNION,AAH avec complément,Entre 25 et 29 ans,63,LA REUNION/LA REUNION,2026-02-01
2026-02,974,LA REUNION,04,LA REUNION,AAH avec complément,Entre 30 et 34 ans,127,LA REUNION/LA REUNION,2026-02-01
2026-02,974,LA REUNION,04,LA REUNION,AAH avec complément,Entre 40 et 44 ans,242,LA REUNION/LA REUNION,2026-02-01
2026-02,974,LA REUNION,04,LA REUNION,AAH avec complément,Entre 45 et 49 ans,277,LA REUNION/LA REUNION,2026-02-01
2026-02,974,LA REUNION,04,LA REUNION,AAH avec complément,Entre 60 et 64 ans,612,LA REUNION/LA REUNION,2026-02-01
2024-12,974,LA REUNION,04,LA REUNION,AAH sans complément,Entre 30 et 34 ans,1652,LA REUNION/LA REUNION,2024-12-01
2024-12,974,LA REUNION,04,LA REUNION,AAH sans complément,Entre 60 et 64 ans,2291,LA REUNION/LA REUNION,2024-12-01
2024-12,974,LA REUNION,04,LA REUNION,AAH avec complément,Age indéterminé,7,LA REUNION/LA REUNION,2024-12-01
2024-12,974,LA REUNION,04,LA REUNION,AAH avec complément,Moins de 20 ans,1,LA REUNION/LA REUNION,2024-12-01
2024-12,974,LA REUNION,04,LA REUNION,AAH avec complément,Entre 25 et 29 ans,71,LA REUNION/LA REUNION,2024-12-01
2024-12,974,LA REUNION,04,LA REUNION,AAH avec complément,Entre 30 et 34 ans,140,LA REUNION/LA REUNION,2024-12-01
2025-03,974,LA REUNION,04,LA REUNION,AAH sans complément,Entre 35 et 39 ans,1645,LA REUNION/LA REUNION,2025-03-01
2025-03,974,LA REUNION,04,LA REUNION,AAH sans complément,Entre 40 et 44 ans,1949,LA REUNION/LA REUNION,2025-03-01
2025-03,974,LA REUNION,04,LA REUNION,AAH sans complément,Entre 45 et 49 ans,1990,LA REUNION/LA REUNION,2025-03-01
2025-03,974,LA REUNION,04,LA REUNION,AAH sans complément,Entre 50 et 54 ans,2499,LA REUNION/LA REUNION,2025-03-01
2025-03,974,LA REUNION,04,LA REUNION,AAH sans complément,Entre 55 et 59 ans,3304,LA REUNION/LA REUNION,2025-03-01
2025-03,974,LA REUNION,04,LA REUNION,AAH sans complément,Entre 60 et 64 ans,2304,LA REUNION/LA REUNION,2025-03-01
2025-03,974,LA REUNION,04,LA REUNION,AAH avec complément,Entre 20 et 24 ans,29,LA REUNION/LA REUNION,2025-03-01
2025-03,974,LA REUNION,04,LA REUNION,AAH avec complément,Entre 50 et 54 ans,436,LA REUNION/LA REUNION,2025-03-01
2025-09,974,LA REUNION,04,LA REUNION,AAH sans complément,Entre 20 et 24 ans,1280,LA REUNION/LA REUNION,2025-09-01
2025-09,974,LA REUNION,04,LA REUNION,AAH sans complément,Entre 40 et 44 ans,1959,LA REUNION/LA REUNION,2025-09-01
2025-09,974,LA REUNION,04,LA REUNION,AAH sans complément,Entre 50 et 54 ans,2558,LA REUNION/LA REUNION,2025-09-01
2025-09,974,LA REUNION,04,LA REUNION,AAH sans complément,Entre 60 et 64 ans,2321,LA REUNION/LA REUNION,2025-09-01
2025-09,974,LA REUNION,04,LA REUNION,AAH sans complément,65 ans ou plus,1469,LA REUNION/LA REUNION,2025-09-01
2025-09,974,LA REUNION,04,LA REUNION,AAH avec complément,Entre 25 et 29 ans,62,LA REUNION/LA REUNION,2025-09-01
2025-09,974,LA REUNION,04,LA REUNION,AAH avec complément,Entre 45 et 49 ans,294,LA REUNION/LA REUNION,2025-09-01
2025-08,974,LA REUNION,04,LA REUNION,AAH sans complément,Age indéterminé,15,LA REUNION/LA REUNION,2025-08-01
2025-08,974,LA REUNION,04,LA REUNION,AAH sans complément,Entre 35 et 39 ans,1653,LA REUNION/LA REUNION,2025-08-01
2025-08,974,LA REUNION,04,LA REUNION,AAH sans complément,Entre 45 et 49 ans,2018,LA REUNION/LA REUNION,2025-08-01
2025-08,974,LA REUNION,04,LA REUNION,AAH sans complément,Entre 60 et 64 ans,2305,LA REUNION/LA REUNION,2025-08-01
2025-08,974,LA REUNION,04,LA REUNION,AAH avec complément,Age indéterminé,1,LA REUNION/LA REUNION,2025-08-01
2025-08,974,LA REUNION,04,LA REUNION,AAH avec complément,Entre 20 et 24 ans,29,LA REUNION/LA REUNION,2025-08-01
2025-08,974,LA REUNION,04,LA REUNION,AAH avec complément,Entre 30 et 34 ans,137,LA REUNION/LA REUNION,2025-08-01
2025-08,974,LA REUNION,04,LA REUNION,AAH avec complément,Entre 55 et 59 ans,625,LA REUNION/LA REUNION,2025-08-01
2025-08,974,LA REUNION,04,LA REUNION,AAH avec complément,Entre 60 et 64 ans,641,LA REUNION/LA REUNION,2025-08-01
2025-08,974,LA REUNION,04,LA REUNION,AAH avec complément,65 ans ou plus,599,LA REUNION/LA REUNION,2025-08-01
2024-07,974,LA REUNION,04,LA REUNION,AAH sans complément,Entre 20 et 24 ans,1256,LA REUNION/LA REUNION,2024-07-01
2024-07,974,LA REUNION,04,LA REUNION,AAH sans complément,Entre 45 et 49 ans,1987,LA REUNION/LA REUNION,2024-07-01
2024-07,974,LA REUNION,04,LA REUNION,AAH sans complément,Entre 50 et 54 ans,2506,LA REUNION/LA REUNION,2024-07-01
2024-07,974,LA REUNION,04,LA REUNION,AAH sans complément,Entre 55 et 59 ans,3364,LA REUNION/LA REUNION,2024-07-01
2024-07,974,LA REUNION,04,LA REUNION,AAH avec complément,Entre 20 et 24 ans,32,LA REUNION/LA REUNION,2024-07-01
2024-07,974,LA REUNION,04,LA REUNION,AAH avec complément,Entre 55 et 59 ans,667,LA REUNION/LA REUNION,2024-07-01
2024-05,974,LA REUNION,04,LA REUNION,AAH sans complément,Age indéterminé,18,LA REUNION/LA REUNION,2024-05-01
2024-05,974,LA REUNION,04,LA REUNION,AAH sans complément,Entre 20 et 24 ans,1269,LA REUNION/LA REUNION,2024-05-01
2024-05,974,LA REUNION,04,LA REUNION,AAH sans complément,Entre 35 et 39 ans,1674,LA REUNION/LA REUNION,2024-05-01
2024-05,974,LA REUNION,04,LA REUNION,AAH sans complément,Entre 45 et 49 ans,1961,LA REUNION/LA REUNION,2024-05-01
2024-05,974,LA REUNION,04,LA REUNION,AAH sans complément,Entre 60 et 64 ans,2267,LA REUNION/LA REUNION,2024-05-01
2024-05,974,LA REUNION,04,LA REUNION,AAH avec complément,Moins de 20 ans,1,LA REUNION/LA REUNION,2024-05-01
2024-05,974,LA REUNION,04,LA REUNION,AAH avec complément,Entre 30 et 34 ans,145,LA REUNION/LA REUNION,2024-05-01
2024-05,974,LA REUNION,04,LA REUNION,AAH avec complément,Entre 45 et 49 ans,317,LA REUNION/LA REUNION,2024-05-01
2024-05,974,LA REUNION,04,LA REUNION,AAH avec complément,65 ans ou plus,593,LA REUNION/LA REUNION,2024-05-01
2024-03,974,LA REUNION,04,LA REUNION,AAH sans complément,Moins de 20 ans,6,LA REUNION/LA REUNION,2024-03-01
2024-03,974,LA REUNION,04,LA REUNION,AAH sans complément,Entre 20 et 24 ans,1278,LA REUNION/LA REUNION,2024-03-01
2024-03,974,LA REUNION,04,LA REUNION,AAH sans complément,Entre 25 et 29 ans,1461,LA REUNION/LA REUNION,2024-03-01
2024-03,974,LA REUNION,04,LA REUNION,AAH sans complément,Entre 50 et 54 ans,2510,LA REUNION/LA REUNION,2024-03-01
2024-03,974,LA REUNION,04,LA REUNION,AAH sans complément,Entre 55 et 59 ans,3384,LA REUNION/LA REUNION,2024-03-01
2024-03,974,LA REUNION,04,LA REUNION,AAH avec complément,Age indéterminé,1,LA REUNION/LA REUNION,2024-03-01
2024-03,974,LA REUNION,04,LA REUNION,AAH avec complément,Entre 20 et 24 ans,34,LA REUNION/LA REUNION,2024-03-01
2024-03,974,LA REUNION,04,LA REUNION,AAH avec complément,Entre 35 et 39 ans,208,LA REUNION/LA REUNION,2024-03-01
2024-03,974,LA REUNION,04,LA REUNION,AAH avec complément,Entre 55 et 59 ans,674,LA REUNION/LA REUNION,2024-03-01
2024-03,974,LA REUNION,04,LA REUNION,AAH avec complément,Entre 60 et 64 ans,648,LA REUNION/LA REUNION,2024-03-01
2022-03,974,LA REUNION,04,LA REUNION,AAH sans complément,Entre 40 et 44 ans,1564,LA REUNION/LA REUNION,2022-03-01
2022-03,974,LA REUNION,04,LA REUNION,AAH sans complément,Entre 50 et 54 ans,2465,LA REUNION/LA REUNION,2022-03-01
2022-03,974,LA REUNION,04,LA REUNION,AAH sans complément,65 ans ou plus,1054,LA REUNION/LA REUNION,2022-03-01
2022-03,974,LA REUNION,04,LA REUNION,AAH avec complément,Moins de 20 ans,1,LA REUNION/LA REUNION,2022-03-01
2022-03,974,LA REUNION,04,LA REUNION,AAH avec complément,Entre 20 et 24 ans,40,LA REUNION/LA REUNION,2022-03-01
2022-03,974,LA REUNION,04,LA REUNION,AAH avec complément,Entre 30 et 34 ans,170,LA REUNION/LA REUNION,2022-03-01
2022-02,974,LA REUNION,04,LA REUNION,AAH sans complément,Entre 30 et 34 ans,1406,LA REUNION/LA REUNION,2022-02-01
2022-02,974,LA REUNION,04,LA REUNION,AAH sans complément,Entre 35 et 39 ans,1649,LA REUNION/LA REUNION,2022-02-01
2022-02,974,LA REUNION,04,LA REUNION,AAH sans complément,Entre 40 et 44 ans,1540,LA REUNION/LA REUNION,2022-02-01
2022-02,974,LA REUNION,04,LA REUNION,AAH sans complément,Entre 60 et 64 ans,2006,LA REUNION/LA REUNION,2022-02-01
2022-02,974,LA REUNION,04,LA REUNION,AAH avec complément,Entre 20 et 24 ans,42,LA REUNION/LA REUNION,2022-02-01
2022-02,974,LA REUNION,04,LA REUNION,AAH avec complément,Entre 30 et 34 ans,168,LA REUNION/LA REUNION,2022-02-01
2022-02,974,LA REUNION,04,LA REUNION,AAH avec complément,Entre 40 et 44 ans,274,LA REUNION/LA REUNION,2022-02-01
2022-02,974,LA REUNION,04,LA REUNION,AAH avec complément,Entre 50 et 54 ans,587,LA REUNION/LA REUNION,2022-02-01
2022-02,974,LA REUNION,04,LA REUNION,AAH avec complément,65 ans ou plus,417,LA REUNION/LA REUNION,2022-02-01
2022-04,974,LA REUNION,04,LA REUNION,AAH sans complément,Entre 20 et 24 ans,1270,LA REUNION/LA REUNION,2022-04-01
2022-04,974,LA REUNION,04,LA REUNION,AAH sans complément,65 ans ou plus,1089,LA REUNION/LA REUNION,2022-04-01
2022-04,974,LA REUNION,04,LA REUNION,AAH avec complément,Entre 25 et 29 ans,121,LA REUNION/LA REUNION,2022-04-01
2022-04,974,LA REUNION,04,LA REUNION,AAH avec complément,Entre 35 et 39 ans,196,LA REUNION/LA REUNION,2022-04-01
2022-04,974,LA REUNION,04,LA REUNION,AAH avec complément,Entre 45 et 49 ans,359,LA REUNION/LA REUNION,2022-04-01
2022-03,974,LA REUNION,04,LA REUNION,AAH avec complément,Entre 40 et 44 ans,283,LA REUNION/LA REUNION,2022-03-01
2022-03,974,LA REUNION,04,LA REUNION,AAH avec complément,Entre 60 et 64 ans,580,LA REUNION/LA REUNION,2022-03-01
2021-09,974,LA REUNION,04,LA REUNION,AAH sans complément,Age indéterminé,12,LA REUNION/LA REUNION,2021-09-01
2021-09,974,LA REUNION,04,LA REUNION,AAH sans complément,Entre 20 et 24 ans,1269,LA REUNION/LA REUNION,2021-09-01
2021-09,974,LA REUNION,04,LA REUNION,AAH sans complément,Entre 30 et 34 ans,1427,LA REUNION/LA REUNION,2021-09-01
2021-09,974,LA REUNION,04,LA REUNION,AAH sans complément,Entre 40 et 44 ans,1619,LA REUNION/LA REUNION,2021-09-01
2021-09,974,LA REUNION,04,LA REUNION,AAH sans complément,Entre 50 et 54 ans,2481,LA REUNION/LA REUNION,2021-09-01
2021-09,974,LA REUNION,04,LA REUNION,AAH sans complément,Entre 60 et 64 ans,2015,LA REUNION/LA REUNION,2021-09-01
2021-09,974,LA REUNION,04,LA REUNION,AAH avec complément,Age indéterminé,3,LA REUNION/LA REUNION,2021-09-01
2021-09,974,LA REUNION,04,LA REUNION,AAH avec complément,Moins de 20 ans,1,LA REUNION/LA REUNION,2021-09-01
2021-09,974,LA REUNION,04,LA REUNION,AAH avec complément,Entre 25 et 29 ans,124,LA REUNION/LA REUNION,2021-09-01
2021-09,974,LA REUNION,04,LA REUNION,AAH avec complément,Entre 60 et 64 ans,589,LA REUNION/LA REUNION,2021-09-01
2021-09,974,LA REUNION,04,LA REUNION,AAH avec complément,65 ans ou plus,449,LA REUNION/LA REUNION,2021-09-01
2021-10,974,LA REUNION,04,LA REUNION,AAH sans complément,Entre 25 et 29 ans,1390,LA REUNION/LA REUNION,2021-10-01
2021-10,974,LA REUNION,04,LA REUNION,AAH sans complément,Entre 35 et 39 ans,1612,LA REUNION/LA REUNION,2021-10-01
2021-10,974,LA REUNION,04,LA REUNION,AAH sans complément,Entre 45 et 49 ans,1876,LA REUNION/LA REUNION,2021-10-01
2021-10,974,LA REUNION,04,LA REUNION,AAH sans complément,Entre 50 et 54 ans,2482,LA REUNION/LA REUNION,2021-10-01
2021-10,974,LA REUNION,04,LA REUNION,AAH sans complément,Entre 55 et 59 ans,3237,LA REUNION/LA REUNION,2021-10-01
2021-10,974,LA REUNION,04,LA REUNION,AAH avec complément,Moins de 20 ans,1,LA REUNION/LA REUNION,2021-10-01
2021-10,974,LA REUNION,04,LA REUNION,AAH avec complément,Entre 40 et 44 ans,287,LA REUNION/LA REUNION,2021-10-01
2024-08,974,LA REUNION,04,LA REUNION,AAH sans complément,Age indéterminé,13,LA REUNION/LA REUNION,2024-08-01
2024-08,974,LA REUNION,04,LA REUNION,AAH sans complément,Entre 30 et 34 ans,1638,LA REUNION/LA REUNION,2024-08-01
2024-08,974,LA REUNION,04,LA REUNION,AAH avec complément,Moins de 20 ans,1,LA REUNION/LA REUNION,2024-08-01
2024-08,974,LA REUNION,04,LA REUNION,AAH sans complément,Entre 35 et 39 ans,1645,LA REUNION/LA REUNION,2024-08-01
2024-08,974,LA REUNION,04,LA REUNION,AAH sans complément,Entre 55 et 59 ans,3370,LA REUNION/LA REUNION,2024-08-01
2024-08,974,LA REUNION,04,LA REUNION,AAH avec complément,Entre 25 et 29 ans,75,LA REUNION/LA REUNION,2024-08-01
2024-08,974,LA REUNION,04,LA REUNION,AAH avec complément,Entre 35 et 39 ans,212,LA REUNION/LA REUNION,2024-08-01
2024-08,974,LA REUNION,04,LA REUNION,AAH avec complément,Entre 55 et 59 ans,671,LA REUNION/LA REUNION,2024-08-01
2024-08,974,LA REUNION,04,LA REUNION,AAH avec complément,65 ans ou plus,614,LA REUNION/LA REUNION,2024-08-01
2024-06,974,LA REUNION,04,LA REUNION,AAH avec complément,65 ans ou plus,588,LA REUNION/LA REUNION,2024-06-01
2024-09,974,LA REUNION,04,LA REUNION,AAH sans complément,Entre 25 et 29 ans,1488,LA REUNION/LA REUNION,2024-09-01
2024-09,974,LA REUNION,04,LA REUNION,AAH sans complément,Entre 35 et 39 ans,1644,LA REUNION/LA REUNION,2024-09-01
2024-09,974,LA REUNION,04,LA REUNION,AAH sans complément,Entre 40 et 44 ans,1859,LA REUNION/LA REUNION,2024-09-01
2024-09,974,LA REUNION,04,LA REUNION,AAH avec complément,Entre 40 et 44 ans,236,LA REUNION/LA REUNION,2024-09-01
2024-09,974,LA REUNION,04,LA REUNION,AAH avec complément,Entre 55 et 59 ans,668,LA REUNION/LA REUNION,2024-09-01
2024-09,974,LA REUNION,04,LA REUNION,AAH avec complément,Entre 60 et 64 ans,640,LA REUNION/LA REUNION,2024-09-01
2024-02,974,LA REUNION,04,LA REUNION,AAH sans complément,Moins de 20 ans,6,LA REUNION/LA REUNION,2024-02-01
2024-02,974,LA REUNION,04,LA REUNION,AAH sans complément,Entre 45 et 49 ans,1908,LA REUNION/LA REUNION,2024-02-01
2024-02,974,LA REUNION,04,LA REUNION,AAH sans complément,Entre 50 et 54 ans,2513,LA REUNION/LA REUNION,2024-02-01
2024-02,974,LA REUNION,04,LA REUNION,AAH avec complément,Age indéterminé,6,LA REUNION/LA REUNION,2024-02-01
2024-02,974,LA REUNION,04,LA REUNION,AAH avec complément,Moins de 20 ans,1,LA REUNION/LA REUNION,2024-02-01
2024-02,974,LA REUNION,04,LA REUNION,AAH avec complément,Entre 35 et 39 ans,209,LA REUNION/LA REUNION,2024-02-01
2024-02,974,LA REUNION,04,LA REUNION,AAH avec complément,Entre 50 et 54 ans,480,LA REUNION/LA REUNION,2024-02-01
2024-02,974,LA REUNION,04,LA REUNION,AAH avec complément,Entre 55 et 59 ans,684,LA REUNION/LA REUNION,2024-02-01
2024-02,974,LA REUNION,04,LA REUNION,AAH avec complément,Entre 60 et 64 ans,648,LA REUNION/LA REUNION,2024-02-01
2024-01,974,LA REUNION,04,LA REUNION,AAH sans complément,Entre 45 et 49 ans,1908,LA REUNION/LA REUNION,2024-01-01
2024-01,974,LA REUNION,04,LA REUNION,AAH sans complément,Entre 60 et 64 ans,2208,LA REUNION/LA REUNION,2024-01-01
2024-01,974,LA REUNION,04,LA REUNION,AAH sans complément,65 ans ou plus,1251,LA REUNION/LA REUNION,2024-01-01
2024-01,974,LA REUNION,04,LA REUNION,AAH avec complément,Age indéterminé,2,LA REUNION/LA REUNION,2024-01-01
2024-01,974,LA REUNION,04,LA REUNION,AAH avec complément,Entre 40 et 44 ans,256,LA REUNION/LA REUNION,2024-01-01
2024-01,974,LA REUNION,04,LA REUNION,AAH avec complément,Entre 45 et 49 ans,312,LA REUNION/LA REUNION,2024-01-01
2024-01,974,LA REUNION,04,LA REUNION,AAH sans complément,Entre 50 et 54 ans,2497,LA REUNION/LA REUNION,2024-01-01
2024-01,974,LA REUNION,04,LA REUNION,AAH avec complément,Moins de 20 ans,1,LA REUNION/LA REUNION,2024-01-01
2024-01,974,LA REUNION,04,LA REUNION,AAH avec complément,Entre 20 et 24 ans,38,LA REUNION/LA REUNION,2024-01-01
2024-01,974,LA REUNION,04,LA REUNION,AAH avec complément,Entre 60 et 64 ans,643,LA REUNION/LA REUNION,2024-01-01
2025-02,974,LA REUNION,04,LA REUNION,AAH sans complément,Entre 30 et 34 ans,1635,LA REUNION/LA REUNION,2025-02-01
2025-02,974,LA REUNION,04,LA REUNION,AAH sans complément,Entre 35 et 39 ans,1655,LA REUNION/LA REUNION,2025-02-01
2025-02,974,LA REUNION,04,LA REUNION,AAH sans complément,Entre 50 et 54 ans,2506,LA REUNION/LA REUNION,2025-02-01
2025-02,974,LA REUNION,04,LA REUNION,AAH sans complément,65 ans ou plus,1357,LA REUNION/LA REUNION,2025-02-01
2025-02,974,LA REUNION,04,LA REUNION,AAH avec complément,Entre 55 et 59 ans,648,LA REUNION/LA REUNION,2025-02-01
2024-04,974,LA REUNION,04,LA REUNION,AAH sans complément,Age indéterminé,12,LA REUNION/LA REUNION,2024-04-01
2024-04,974,LA REUNION,04,LA REUNION,AAH sans complément,Entre 30 et 34 ans,1601,LA REUNION/LA REUNION,2024-04-01
2024-04,974,LA REUNION,04,LA REUNION,AAH avec complément,Moins de 20 ans,1,LA REUNION/LA REUNION,2024-04-01
2024-04,974,LA REUNION,04,LA REUNION,AAH avec complément,Entre 25 et 29 ans,76,LA REUNION/LA REUNION,2024-04-01
2024-04,974,LA REUNION,04,LA REUNION,AAH avec complément,Entre 45 et 49 ans,323,LA REUNION/LA REUNION,2024-04-01
2024-04,974,LA REUNION,04,LA REUNION,AAH avec complément,Entre 50 et 54 ans,481,LA REUNION/LA REUNION,2024-04-01
2020-06,974,LA REUNION,04,LA REUNION,AAH sans complément,Entre 20 et 24 ans,1202,LA REUNION/LA REUNION,2020-06-01
2020-06,974,LA REUNION,04,LA REUNION,AAH sans complément,Entre 40 et 44 ans,1600,LA REUNION/LA REUNION,2020-06-01
2020-06,974,LA REUNION,04,LA REUNION,AAH sans complément,Entre 55 et 59 ans,3031,LA REUNION/LA REUNION,2020-06-01
2020-06,974,LA REUNION,04,LA REUNION,AAH sans complément,65 ans ou plus,934,LA REUNION/LA REUNION,2020-06-01
2020-06,974,LA REUNION,04,LA REUNION,AAH avec complément,Entre 20 et 24 ans,42,LA REUNION/LA REUNION,2020-06-01
2020-06,974,LA REUNION,04,LA REUNION,AAH avec complément,Entre 25 et 29 ans,146,LA REUNION/LA REUNION,2020-06-01
2020-06,974,LA REUNION,04,LA REUNION,AAH avec complément,Entre 30 et 34 ans,165,LA REUNION/LA REUNION,2020-06-01
2020-06,974,LA REUNION,04,LA REUNION,AAH avec complément,Entre 35 et 39 ans,226,LA REUNION/LA REUNION,2020-06-01
2020-06,974,LA REUNION,04,LA REUNION,AAH avec complément,Entre 50 et 54 ans,584,LA REUNION/LA REUNION,2020-06-01
2020-06,974,LA REUNION,04,LA REUNION,AAH avec complément,65 ans ou plus,386,LA REUNION/LA REUNION,2020-06-01
2020-09,974,LA REUNION,04,LA REUNION,AAH sans complément,Age indéterminé,14,LA REUNION/LA REUNION,2020-09-01
2020-09,974,LA REUNION,04,LA REUNION,AAH sans complément,Entre 30 et 34 ans,1364,LA REUNION/LA REUNION,2020-09-01
2020-09,974,LA REUNION,04,LA REUNION,AAH sans complément,Entre 35 et 39 ans,1532,LA REUNION/LA REUNION,2020-09-01
2020-09,974,LA REUNION,04,LA REUNION,AAH sans complément,Entre 55 et 59 ans,3075,LA REUNION/LA REUNION,2020-09-01
2020-09,974,LA REUNION,04,LA REUNION,AAH avec complément,Entre 30 et 34 ans,170,LA REUNION/LA REUNION,2020-09-01
2020-09,974,LA REUNION,04,LA REUNION,AAH avec complément,Entre 35 et 39 ans,221,LA REUNION/LA REUNION,2020-09-01
2020-09,974,LA REUNION,04,LA REUNION,AAH avec complément,Entre 50 et 54 ans,581,LA REUNION/LA REUNION,2020-09-01
2020-09,974,LA REUNION,04,LA REUNION,AAH avec complément,Entre 60 et 64 ans,603,LA REUNION/LA REUNION,2020-09-01
2020-10,974,LA REUNION,04,LA REUNION,AAH sans complément,Age indéterminé,15,LA REUNION/LA REUNION,2020-10-01
2020-10,974,LA REUNION,04,LA REUNION,AAH sans complément,Entre 45 et 49 ans,1941,LA REUNION/LA REUNION,2020-10-01
2020-10,974,LA REUNION,04,LA REUNION,AAH avec complément,Entre 20 et 24 ans,48,LA REUNION/LA REUNION,2020-10-01
2020-10,974,LA REUNION,04,LA REUNION,AAH avec complément,Entre 25 et 29 ans,141,LA REUNION/LA REUNION,2020-10-01
2020-10,974,LA REUNION,04,LA REUNION,AAH avec complément,Entre 30 et 34 ans,169,LA REUNION/LA REUNION,2020-10-01
2020-10,974,LA REUNION,04,LA REUNION,AAH avec complément,Entre 40 et 44 ans,285,LA REUNION/LA REUNION,2020-10-01
2020-08,974,LA REUNION,04,LA REUNION,AAH sans complément,Age indéterminé,11,LA REUNION/LA REUNION,2020-08-01
2020-08,974,LA REUNION,04,LA REUNION,AAH sans complément,Moins de 20 ans,16,LA REUNION/LA REUNION,2020-08-01
2020-08,974,LA REUNION,04,LA REUNION,AAH sans complément,Entre 35 et 39 ans,1535,LA REUNION/LA REUNION,2020-08-01
2020-08,974,LA REUNION,04,LA REUNION,AAH sans complément,Entre 50 et 54 ans,2502,LA REUNION/LA REUNION,2020-08-01
2020-08,974,LA REUNION,04,LA REUNION,AAH sans complément,65 ans ou plus,958,LA REUNION/LA REUNION,2020-08-01
2020-08,974,LA REUNION,04,LA REUNION,AAH avec complément,Age indéterminé,2,LA REUNION/LA REUNION,2020-08-01
2020-08,974,LA REUNION,04,LA REUNION,AAH avec complément,Entre 30 et 34 ans,165,LA REUNION/LA REUNION,2020-08-01
2020-08,974,LA REUNION,04,LA REUNION,AAH avec complément,Entre 45 et 49 ans,415,LA REUNION/LA REUNION,2020-08-01
2020-08,974,LA REUNION,04,LA REUNION,AAH avec complément,Entre 60 et 64 ans,600,LA REUNION/LA REUNION,2020-08-01
2020-08,974,LA REUNION,04,LA REUNION,AAH avec complément,65 ans ou plus,397,LA REUNION/LA REUNION,2020-08-01
2020-02,974,LA REUNION,04,LA REUNION,AAH sans complément,Entre 35 et 39 ans,1492,LA REUNION/LA REUNION,2020-02-01
2020-02,974,LA REUNION,04,LA REUNION,AAH sans complément,Entre 40 et 44 ans,1535,LA REUNION/LA REUNION,2020-02-01
2020-02,974,LA REUNION,04,LA REUNION,AAH sans complément,Entre 45 et 49 ans,1895,LA REUNION/LA REUNION,2020-02-01
2020-02,974,LA REUNION,04,LA REUNION,AAH sans complément,Entre 55 et 59 ans,2943,LA REUNION/LA REUNION,2020-02-01
2020-02,974,LA REUNION,04,LA REUNION,AAH sans complément,65 ans ou plus,857,LA REUNION/LA REUNION,2020-02-01
2020-02,974,LA REUNION,04,LA REUNION,AAH avec complément,Entre 50 et 54 ans,580,LA REUNION/LA REUNION,2020-02-01
2021-01,974,LA REUNION,04,LA REUNION,AAH sans complément,Entre 20 et 24 ans,1232,LA REUNION/LA REUNION,2021-01-01
2021-01,974,LA REUNION,04,LA REUNION,AAH sans complément,Entre 30 et 34 ans,1376,LA REUNION/LA REUNION,2021-01-01
2021-01,974,LA REUNION,04,LA REUNION,AAH sans complément,Entre 60 et 64 ans,1946,LA REUNION/LA REUNION,2021-01-01
2021-01,974,LA REUNION,04,LA REUNION,AAH sans complément,65 ans ou plus,988,LA REUNION/LA REUNION,2021-01-01
2021-01,974,LA REUNION,04,LA REUNION,AAH avec complément,Age indéterminé,2,LA REUNION/LA REUNION,2021-01-01
2021-01,974,LA REUNION,04,LA REUNION,AAH avec complément,Entre 25 et 29 ans,138,LA REUNION/LA REUNION,2021-01-01
2021-01,974,LA REUNION,04,LA REUNION,AAH avec complément,Entre 35 et 39 ans,215,LA REUNION/LA REUNION,2021-01-01
2021-01,974,LA REUNION,04,LA REUNION,AAH avec complément,Entre 40 et 44 ans,271,LA REUNION/LA REUNION,2021-01-01
2021-01,974,LA REUNION,04,LA REUNION,AAH avec complément,Entre 50 et 54 ans,587,LA REUNION/LA REUNION,2021-01-01
2021-01,974,LA REUNION,04,LA REUNION,AAH avec complément,Entre 60 et 64 ans,585,LA REUNION/LA REUNION,2021-01-01
2021-02,974,LA REUNION,04,LA REUNION,AAH sans complément,Entre 20 et 24 ans,1247,LA REUNION/LA REUNION,2021-02-01
2021-02,974,LA REUNION,04,LA REUNION,AAH sans complément,Entre 30 et 34 ans,1379,LA REUNION/LA REUNION,2021-02-01
2021-02,974,LA REUNION,04,LA REUNION,AAH sans complément,Entre 40 et 44 ans,1604,LA REUNION/LA REUNION,2021-02-01
2021-02,974,LA REUNION,04,LA REUNION,AAH sans complément,Entre 50 et 54 ans,2476,LA REUNION/LA REUNION,2021-02-01
2021-02,974,LA REUNION,04,LA REUNION,AAH avec complément,Entre 20 et 24 ans,41,LA REUNION/LA REUNION,2021-02-01
2021-02,974,LA REUNION,04,LA REUNION,AAH avec complément,Entre 25 et 29 ans,140,LA REUNION/LA REUNION,2021-02-01
2021-02,974,LA REUNION,04,LA REUNION,AAH avec complément,Entre 40 et 44 ans,272,LA REUNION/LA REUNION,2021-02-01
2021-02,974,LA REUNION,04,LA REUNION,AAH avec complément,65 ans ou plus,406,LA REUNION/LA REUNION,2021-02-01
2021-04,974,LA REUNION,04,LA REUNION,AAH sans complément,Age indéterminé,11,LA REUNION/LA REUNION,2021-04-01
2021-04,974,LA REUNION,04,LA REUNION,AAH sans complément,Moins de 20 ans,17,LA REUNION/LA REUNION,2021-04-01
2021-04,974,LA REUNION,04,LA REUNION,AAH sans complément,Entre 20 et 24 ans,1253,LA REUNION/LA REUNION,2021-04-01
2021-04,974,LA REUNION,04,LA REUNION,AAH sans complément,Entre 30 et 34 ans,1396,LA REUNION/LA REUNION,2021-04-01
2021-04,974,LA REUNION,04,LA REUNION,AAH avec complément,Entre 20 et 24 ans,43,LA REUNION/LA REUNION,2021-04-01
2021-04,974,LA REUNION,04,LA REUNION,AAH avec complément,Entre 25 et 29 ans,136,LA REUNION/LA REUNION,2021-04-01
2021-04,974,LA REUNION,04,LA REUNION,AAH avec complément,Entre 30 et 34 ans,167,LA REUNION/LA REUNION,2021-04-01
2021-04,974,LA REUNION,04,LA REUNION,AAH avec complément,Entre 50 et 54 ans,579,LA REUNION/LA REUNION,2021-04-01
2020-12,974,LA REUNION,04,LA REUNION,AAH sans complément,Age indéterminé,5,LA REUNION/LA REUNION,2020-12-01
2020-12,974,LA REUNION,04,LA REUNION,AAH sans complément,Entre 30 et 34 ans,1381,LA REUNION/LA REUNION,2020-12-01
2020-12,974,LA REUNION,04,LA REUNION,AAH sans complément,Entre 40 et 44 ans,1587,LA REUNION/LA REUNION,2020-12-01
2020-12,974,LA REUNION,04,LA REUNION,AAH sans complément,Entre 45 et 49 ans,1915,LA REUNION/LA REUNION,2020-12-01
2020-12,974,LA REUNION,04,LA REUNION,AAH avec complément,Entre 25 et 29 ans,137,LA REUNION/LA REUNION,2020-12-01
2020-12,974,LA REUNION,04,LA REUNION,AAH avec complément,Entre 30 et 34 ans,171,LA REUNION/LA REUNION,2020-12-01
2020-12,974,LA REUNION,04,LA REUNION,AAH avec complément,Entre 45 et 49 ans,415,LA REUNION/LA REUNION,2020-12-01
2020-12,974,LA REUNION,04,LA REUNION,AAH avec complément,Entre 50 et 54 ans,578,LA REUNION/LA REUNION,2020-12-01
2020-11,974,LA REUNION,04,LA REUNION,AAH sans complément,Entre 25 et 29 ans,1393,LA REUNION/LA REUNION,2020-11-01
2020-11,974,LA REUNION,04,LA REUNION,AAH sans complément,Entre 55 et 59 ans,3084,LA REUNION/LA REUNION,2020-11-01
2020-11,974,LA REUNION,04,LA REUNION,AAH sans complément,Entre 60 et 64 ans,1930,LA REUNION/LA REUNION,2020-11-01
2020-11,974,LA REUNION,04,LA REUNION,AAH avec complément,Age indéterminé,5,LA REUNION/LA REUNION,2020-11-01
2020-11,974,LA REUNION,04,LA REUNION,AAH avec complément,Entre 35 et 39 ans,219,LA REUNION/LA REUNION,2020-11-01
2020-10,974,LA REUNION,04,LA REUNION,AAH sans complément,Entre 20 et 24 ans,1209,LA REUNION/LA REUNION,2020-10-01
2020-05,974,LA REUNION,04,LA REUNION,AAH sans complément,Moins de 20 ans,9,LA REUNION/LA REUNION,2020-05-01
2020-05,974,LA REUNION,04,LA REUNION,AAH avec complément,Age indéterminé,2,LA REUNION/LA REUNION,2020-05-01
2020-05,974,LA REUNION,04,LA REUNION,AAH avec complément,Entre 20 et 24 ans,39,LA REUNION/LA REUNION,2020-05-01
2020-05,974,LA REUNION,04,LA REUNION,AAH avec complément,Entre 35 et 39 ans,221,LA REUNION/LA REUNION,2020-05-01
2020-05,974,LA REUNION,04,LA REUNION,AAH avec complément,Entre 40 et 44 ans,300,LA REUNION/LA REUNION,2020-05-01
2020-05,974,LA REUNION,04,LA REUNION,AAH avec complément,Entre 50 et 54 ans,589,LA REUNION/LA REUNION,2020-05-01
2020-04,974,LA REUNION,04,LA REUNION,AAH avec complément,Entre 20 et 24 ans,41,LA REUNION/LA REUNION,2020-04-01
2020-04,974,LA REUNION,04,LA REUNION,AAH avec complément,Entre 55 et 59 ans,707,LA REUNION/LA REUNION,2020-04-01
2020-04,974,LA REUNION,04,LA REUNION,AAH sans complément,Entre 40 et 44 ans,1549,LA REUNION/LA REUNION,2020-04-01
2020-04,974,LA REUNION,04,LA REUNION,AAH sans complément,Entre 50 et 54 ans,2515,LA REUNION/LA REUNION,2020-04-01
2020-04,974,LA REUNION,04,LA REUNION,AAH avec complément,Moins de 20 ans,2,LA REUNION/LA REUNION,2020-04-01
2020-04,974,LA REUNION,04,LA REUNION,AAH avec complément,Entre 35 et 39 ans,216,LA REUNION/LA REUNION,2020-04-01
2020-04,974,LA REUNION,04,LA REUNION,AAH avec complément,Entre 40 et 44 ans,304,LA REUNION/LA REUNION,2020-04-01
2020-03,974,LA REUNION,04,LA REUNION,AAH avec complément,Entre 50 et 54 ans,594,LA REUNION/LA REUNION,2020-03-01
2020-03,974,LA REUNION,04,LA REUNION,AAH sans complément,Entre 20 et 24 ans,1205,LA REUNION/LA REUNION,2020-03-01
2020-03,974,LA REUNION,04,LA REUNION,AAH sans complément,Entre 45 et 49 ans,1898,LA REUNION/LA REUNION,2020-03-01
2020-03,974,LA REUNION,04,LA REUNION,AAH sans complément,Entre 50 et 54 ans,2526,LA REUNION/LA REUNION,2020-03-01
2020-03,974,LA REUNION,04,LA REUNION,AAH sans complément,Entre 60 et 64 ans,1809,LA REUNION/LA REUNION,2020-03-01
2020-03,974,LA REUNION,04,LA REUNION,AAH sans complément,65 ans ou plus,880,LA REUNION/LA REUNION,2020-03-01
2020-03,974,LA REUNION,04,LA REUNION,AAH avec complément,Entre 35 et 39 ans,216,LA REUNION/LA REUNION,2020-03-01
2020-03,974,LA REUNION,04,LA REUNION,AAH avec complément,Entre 40 et 44 ans,302,LA REUNION/LA REUNION,2020-03-01
2020-03,974,LA REUNION,04,LA REUNION,AAH avec complément,Entre 45 et 49 ans,406,LA REUNION/LA REUNION,2020-03-01
2023-08,974,LA REUNION,04,LA REUNION,AAH sans complément,Entre 50 et 54 ans,2424,LA REUNION/LA REUNION,2023-08-01
2023-08,974,LA REUNION,04,LA REUNION,AAH sans complément,Entre 60 et 64 ans,2205,LA REUNION/LA REUNION,2023-08-01
2023-08,974,LA REUNION,04,LA REUNION,AAH avec complément,Entre 55 et 59 ans,703,LA REUNION/LA REUNION,2023-08-01
2023-08,974,LA REUNION,04,LA REUNION,AAH avec complément,Entre 60 et 64 ans,654,LA REUNION/LA REUNION,2023-08-01
2023-08,974,LA REUNION,04,LA REUNION,AAH avec complément,65 ans ou plus,526,LA REUNION/LA REUNION,2023-08-01
2023-07,974,LA REUNION,04,LA REUNION,AAH sans complément,Age indéterminé,16,LA REUNION/LA REUNION,2023-07-01
2023-07,974,LA REUNION,04,LA REUNION,AAH sans complément,Entre 25 et 29 ans,1417,LA REUNION/LA REUNION,2023-07-01
2023-07,974,LA REUNION,04,LA REUNION,AAH sans complément,Entre 30 et 34 ans,1510,LA REUNION/LA REUNION,2023-07-01
2023-07,974,LA REUNION,04,LA REUNION,AAH sans complément,Entre 55 et 59 ans,3251,LA REUNION/LA REUNION,2023-07-01
2023-07,974,LA REUNION,04,LA REUNION,AAH sans complément,65 ans ou plus,1268,LA REUNION/LA REUNION,2023-07-01
2023-07,974,LA REUNION,04,LA REUNION,AAH avec complément,Entre 30 et 34 ans,158,LA REUNION/LA REUNION,2023-07-01
2023-07,974,LA REUNION,04,LA REUNION,AAH avec complément,Entre 50 et 54 ans,483,LA REUNION/LA REUNION,2023-07-01
2023-06,974,LA REUNION,04,LA REUNION,AAH sans complément,Entre 30 et 34 ans,1507,LA REUNION/LA REUNION,2023-06-01
2023-06,974,LA REUNION,04,LA REUNION,AAH sans complément,Entre 35 et 39 ans,1670,LA REUNION/LA REUNION,2023-06-01
2023-06,974,LA REUNION,04,LA REUNION,AAH avec complément,Age indéterminé,2,LA REUNION/LA REUNION,2023-06-01
2023-06,974,LA REUNION,04,LA REUNION,AAH avec complément,Entre 50 et 54 ans,486,LA REUNION/LA REUNION,2023-06-01
2023-06,974,LA REUNION,04,LA REUNION,AAH avec complément,Entre 55 et 59 ans,699,LA REUNION/LA REUNION,2023-06-01
2023-06,974,LA REUNION,04,LA REUNION,AAH avec complément,65 ans ou plus,511,LA REUNION/LA REUNION,2023-06-01
2024-10,974,LA REUNION,04,LA REUNION,AAH sans complément,Entre 25 et 29 ans,1493,LA REUNION/LA REUNION,2024-10-01
2024-10,974,LA REUNION,04,LA REUNION,AAH sans complément,Entre 30 et 34 ans,1645,LA REUNION/LA REUNION,2024-10-01
2024-10,974,LA REUNION,04,LA REUNION,AAH sans complément,Entre 40 et 44 ans,1859,LA REUNION/LA REUNION,2024-10-01
2024-10,974,LA REUNION,04,LA REUNION,AAH sans complément,Entre 45 et 49 ans,1986,LA REUNION/LA REUNION,2024-10-01
2024-10,974,LA REUNION,04,LA REUNION,AAH sans complément,Entre 50 et 54 ans,2504,LA REUNION/LA REUNION,2024-10-01
2024-10,974,LA REUNION,04,LA REUNION,AAH avec complément,Entre 40 et 44 ans,235,LA REUNION/LA REUNION,2024-10-01
2024-10,974,LA REUNION,04,LA REUNION,AAH avec complément,Entre 60 et 64 ans,632,LA REUNION/LA REUNION,2024-10-01
2021-03,974,LA REUNION,04,LA REUNION,AAH sans complément,Moins de 20 ans,17,LA REUNION/LA REUNION,2021-03-01
2021-03,974,LA REUNION,04,LA REUNION,AAH sans complément,Entre 20 et 24 ans,1249,LA REUNION/LA REUNION,2021-03-01
2021-03,974,LA REUNION,04,LA REUNION,AAH avec complément,Entre 35 et 39 ans,219,LA REUNION/LA REUNION,2021-03-01
2021-03,974,LA REUNION,04,LA REUNION,AAH avec complément,Entre 50 et 54 ans,575,LA REUNION/LA REUNION,2021-03-01
2021-03,974,LA REUNION,04,LA REUNION,AAH avec complément,Entre 60 et 64 ans,600,LA REUNION/LA REUNION,2021-03-01
2020-07,974,LA REUNION,04,LA REUNION,AAH sans complément,Entre 40 et 44 ans,1602,LA REUNION/LA REUNION,2020-07-01
2020-07,974,LA REUNION,04,LA REUNION,AAH sans complément,Entre 60 et 64 ans,1912,LA REUNION/LA REUNION,2020-07-01
2020-07,974,LA REUNION,04,LA REUNION,AAH avec complément,Entre 20 et 24 ans,43,LA REUNION/LA REUNION,2020-07-01
2020-07,974,LA REUNION,04,LA REUNION,AAH avec complément,Entre 40 et 44 ans,290,LA REUNION/LA REUNION,2020-07-01
2020-07,974,LA REUNION,04,LA REUNION,AAH avec complément,Entre 45 et 49 ans,414,LA REUNION/LA REUNION,2020-07-01
2020-01,974,LA REUNION,04,LA REUNION,AAH sans complément,Entre 20 et 24 ans,1205,LA REUNION/LA REUNION,2020-01-01
2020-01,974,LA REUNION,04,LA REUNION,AAH sans complément,Entre 45 et 49 ans,1906,LA REUNION/LA REUNION,2020-01-01
2020-01,974,LA REUNION,04,LA REUNION,AAH sans complément,Entre 60 et 64 ans,1812,LA REUNION/LA REUNION,2020-01-01
2020-01,974,LA REUNION,04,LA REUNION,AAH avec complément,Entre 20 et 24 ans,55,LA REUNION/LA REUNION,2020-01-01
2020-01,974,LA REUNION,04,LA REUNION,AAH avec complément,Entre 25 et 29 ans,152,LA REUNION/LA REUNION,2020-01-01
2020-01,974,LA REUNION,04,LA REUNION,AAH avec complément,Entre 55 et 59 ans,697,LA REUNION/LA REUNION,2020-01-01
2020-01,974,LA REUNION,04,LA REUNION,AAH avec complément,65 ans ou plus,343,LA REUNION/LA REUNION,2020-01-01
2019-11,974,LA REUNION,04,LA REUNION,AAH sans complément,Entre 25 et 29 ans,1415,LA REUNION/LA REUNION,2019-11-01
2019-11,974,LA REUNION,04,LA REUNION,AAH sans complément,Entre 30 et 34 ans,1341,LA REUNION/LA REUNION,2019-11-01
2019-11,974,LA REUNION,04,LA REUNION,AAH sans complément,Entre 45 et 49 ans,1905,LA REUNION/LA REUNION,2019-11-01
2019-11,974,LA REUNION,04,LA REUNION,AAH sans complément,Entre 50 et 54 ans,2587,LA REUNION/LA REUNION,2019-11-01
2019-11,974,LA REUNION,04,LA REUNION,AAH avec complément,Age indéterminé,4,LA REUNION/LA REUNION,2019-11-01
2019-11,974,LA REUNION,04,LA REUNION,AAH avec complément,Moins de 20 ans,2,LA REUNION/LA REUNION,2019-11-01
2019-11,974,LA REUNION,04,LA REUNION,AAH avec complément,Entre 40 et 44 ans,317,LA REUNION/LA REUNION,2019-11-01
2019-11,974,LA REUNION,04,LA REUNION,AAH avec complément,Entre 45 et 49 ans,416,LA REUNION/LA REUNION,2019-11-01
2019-11,974,LA REUNION,04,LA REUNION,AAH avec complément,Entre 50 et 54 ans,570,LA REUNION/LA REUNION,2019-11-01
2018-10,974,LA REUNION,04,LA REUNION,AAH sans complément,Entre 20 et 24 ans,1194,LA REUNION/LA REUNION,2018-10-01
2018-10,974,LA REUNION,04,LA REUNION,AAH sans complément,Entre 35 et 39 ans,1391,LA REUNION/LA REUNION,2018-10-01
2018-10,974,LA REUNION,04,LA REUNION,AAH sans complément,Entre 60 et 64 ans,1779,LA REUNION/LA REUNION,2018-10-01
2018-10,974,LA REUNION,04,LA REUNION,AAH avec complément,Entre 60 et 64 ans,533,LA REUNION/LA REUNION,2018-10-01
2018-10,974,LA REUNION,04,LA REUNION,AAH avec complément,65 ans ou plus,299,LA REUNION/LA REUNION,2018-10-01
2018-09,974,LA REUNION,04,LA REUNION,AAH sans complément,Entre 25 et 29 ans,1341,LA REUNION/LA REUNION,2018-09-01
2018-09,974,LA REUNION,04,LA REUNION,AAH sans complément,Entre 35 et 39 ans,1380,LA REUNION/LA REUNION,2018-09-01
2018-09,974,LA REUNION,04,LA REUNION,AAH avec complément,Moins de 20 ans,2,LA REUNION/LA REUNION,2018-09-01
2018-09,974,LA REUNION,04,LA REUNION,AAH avec complément,Entre 30 et 34 ans,180,LA REUNION/LA REUNION,2018-09-01
2017-09,974,LA REUNION,04,LA REUNION,AAH sans complément,Entre 20 et 24 ans,1206,LA REUNION/LA REUNION,2017-09-01
2017-08,974,LA REUNION,04,LA REUNION,AAH avec complément,Entre 25 et 29 ans,118,LA REUNION/LA REUNION,2017-08-01
2017-08,974,LA REUNION,04,LA REUNION,AAH avec complément,Entre 40 et 44 ans,298,LA REUNION/LA REUNION,2017-08-01
2017-08,974,LA REUNION,04,LA REUNION,AAH avec complément,Entre 45 et 49 ans,401,LA REUNION/LA REUNION,2017-08-01
2017-08,974,LA REUNION,04,LA REUNION,AAH avec complément,Entre 50 et 54 ans,523,LA REUNION/LA REUNION,2017-08-01
2017-08,974,LA REUNION,04,LA REUNION,AAH sans complément,Age indéterminé,11,LA REUNION/LA REUNION,2017-08-01
2017-08,974,LA REUNION,04,LA REUNION,AAH sans complément,Entre 25 et 29 ans,1310,LA REUNION/LA REUNION,2017-08-01
2017-08,974,LA REUNION,04,LA REUNION,AAH sans complément,Entre 45 et 49 ans,1986,LA REUNION/LA REUNION,2017-08-01
2017-08,974,LA REUNION,04,LA REUNION,AAH sans complément,Entre 55 et 59 ans,2701,LA REUNION/LA REUNION,2017-08-01
2017-08,974,LA REUNION,04,LA REUNION,AAH sans complément,65 ans ou plus,604,LA REUNION/LA REUNION,2017-08-01
2017-08,974,LA REUNION,04,LA REUNION,AAH avec complément,Entre 20 et 24 ans,70,LA REUNION/LA REUNION,2017-08-01
2017-12,974,LA REUNION,04,LA REUNION,AAH sans complément,Moins de 20 ans,19,LA REUNION/LA REUNION,2017-12-01
2017-12,974,LA REUNION,04,LA REUNION,AAH sans complément,Entre 40 et 44 ans,1512,LA REUNION/LA REUNION,2017-12-01
2017-12,974,LA REUNION,04,LA REUNION,AAH sans complément,Entre 45 et 49 ans,1984,LA REUNION/LA REUNION,2017-12-01
2017-12,974,LA REUNION,04,LA REUNION,AAH sans complément,Entre 55 et 59 ans,2681,LA REUNION/LA REUNION,2017-12-01
2017-12,974,LA REUNION,04,LA REUNION,AAH avec complément,Moins de 20 ans,3,LA REUNION/LA REUNION,2017-12-01
2017-12,974,LA REUNION,04,LA REUNION,AAH avec complément,Entre 45 et 49 ans,403,LA REUNION/LA REUNION,2017-12-01
2017-12,974,LA REUNION,04,LA REUNION,AAH avec complément,Entre 50 et 54 ans,547,LA REUNION/LA REUNION,2017-12-01
2018-07,974,LA REUNION,04,LA REUNION,AAH sans complément,Entre 20 et 24 ans,1183,LA REUNION/LA REUNION,2018-07-01
2018-07,974,LA REUNION,04,LA REUNION,AAH sans complément,Entre 55 et 59 ans,2790,LA REUNION/LA REUNION,2018-07-01
2018-07,974,LA REUNION,04,LA REUNION,AAH avec complément,Moins de 20 ans,2,LA REUNION/LA REUNION,2018-07-01
2018-07,974,LA REUNION,04,LA REUNION,AAH avec complément,Entre 35 et 39 ans,214,LA REUNION/LA REUNION,2018-07-01
2018-07,974,LA REUNION,04,LA REUNION,AAH avec complément,65 ans ou plus,282,LA REUNION/LA REUNION,2018-07-01
2018-02,974,LA REUNION,04,LA REUNION,AAH sans complément,Age indéterminé,14,LA REUNION/LA REUNION,2018-02-01
2018-02,974,LA REUNION,04,LA REUNION,AAH sans complément,Entre 20 et 24 ans,1198,LA REUNION/LA REUNION,2018-02-01
2018-02,974,LA REUNION,04,LA REUNION,AAH sans complément,Entre 45 et 49 ans,1980,LA REUNION/LA REUNION,2018-02-01
2018-02,974,LA REUNION,04,LA REUNION,AAH sans complément,Entre 55 et 59 ans,2688,LA REUNION/LA REUNION,2018-02-01
2018-02,974,LA REUNION,04,LA REUNION,AAH sans complément,65 ans ou plus,660,LA REUNION/LA REUNION,2018-02-01
2018-02,974,LA REUNION,04,LA REUNION,AAH avec complément,Entre 30 et 34 ans,179,LA REUNION/LA REUNION,2018-02-01
2018-02,974,LA REUNION,04,LA REUNION,AAH avec complément,Entre 40 et 44 ans,306,LA REUNION/LA REUNION,2018-02-01
2018-01,974,LA REUNION,04,LA REUNION,AAH sans complément,Age indéterminé,11,LA REUNION/LA REUNION,2018-01-01
2018-01,974,LA REUNION,04,LA REUNION,AAH sans complément,Moins de 20 ans,19,LA REUNION/LA REUNION,2018-01-01
2018-01,974,LA REUNION,04,LA REUNION,AAH sans complément,Entre 20 et 24 ans,1207,LA REUNION/LA REUNION,2018-01-01
2018-01,974,LA REUNION,04,LA REUNION,AAH sans complément,Entre 25 et 29 ans,1315,LA REUNION/LA REUNION,2018-01-01
2018-01,974,LA REUNION,04,LA REUNION,AAH sans complément,Entre 40 et 44 ans,1490,LA REUNION/LA REUNION,2018-01-01
2018-01,974,LA REUNION,04,LA REUNION,AAH sans complément,Entre 50 et 54 ans,2572,LA REUNION/LA REUNION,2018-01-01
2018-01,974,LA REUNION,04,LA REUNION,AAH sans complément,Entre 60 et 64 ans,1661,LA REUNION/LA REUNION,2018-01-01
2018-01,974,LA REUNION,04,LA REUNION,AAH avec complément,Entre 35 et 39 ans,205,LA REUNION/LA REUNION,2018-01-01
2018-01,974,LA REUNION,04,LA REUNION,AAH avec complément,Entre 40 et 44 ans,301,LA REUNION/LA REUNION,2018-01-01
2018-01,974,LA REUNION,04,LA REUNION,AAH avec complément,Entre 60 et 64 ans,517,LA REUNION/LA REUNION,2018-01-01
2018-01,974,LA REUNION,04,LA REUNION,AAH avec complément,65 ans ou plus,242,LA REUNION/LA REUNION,2018-01-01
2017-09,974,LA REUNION,04,LA REUNION,AAH sans complément,Entre 25 et 29 ans,1324,LA REUNION/LA REUNION,2017-09-01
2017-09,974,LA REUNION,04,LA REUNION,AAH avec complément,Moins de 20 ans,3,LA REUNION/LA REUNION,2017-09-01
2017-09,974,LA REUNION,04,LA REUNION,AAH avec complément,Entre 20 et 24 ans,64,LA REUNION/LA REUNION,2017-09-01
2018-09,974,LA REUNION,04,LA REUNION,AAH sans complément,Entre 40 et 44 ans,1492,LA REUNION/LA REUNION,2018-09-01
2017-07,974,LA REUNION,04,LA REUNION,AAH sans complément,Age indéterminé,12,LA REUNION/LA REUNION,2017-07-01
2017-07,974,LA REUNION,04,LA REUNION,AAH sans complément,Moins de 20 ans,24,LA REUNION/LA REUNION,2017-07-01
2017-07,974,LA REUNION,04,LA REUNION,AAH sans complément,Entre 30 et 34 ans,1377,LA REUNION/LA REUNION,2017-07-01
2017-07,974,LA REUNION,04,LA REUNION,AAH sans complément,Entre 35 et 39 ans,1320,LA REUNION/LA REUNION,2017-07-01
2017-07,974,LA REUNION,04,LA REUNION,AAH sans complément,65 ans ou plus,590,LA REUNION/LA REUNION,2017-07-01
2017-07,974,LA REUNION,04,LA REUNION,AAH avec complément,Moins de 20 ans,2,LA REUNION/LA REUNION,2017-07-01
2017-07,974,LA REUNION,04,LA REUNION,AAH avec complément,Entre 25 et 29 ans,114,LA REUNION/LA REUNION,2017-07-01
2017-07,974,LA REUNION,04,LA REUNION,AAH avec complément,Entre 30 et 34 ans,170,LA REUNION/LA REUNION,2017-07-01
2017-07,974,LA REUNION,04,LA REUNION,AAH avec complément,Entre 50 et 54 ans,513,LA REUNION/LA REUNION,2017-07-01
2017-07,974,LA REUNION,04,LA REUNION,AAH avec complément,Entre 55 et 59 ans,593,LA REUNION/LA REUNION,2017-07-01
2017-07,974,LA REUNION,04,LA REUNION,AAH avec complément,65 ans ou plus,212,LA REUNION/LA REUNION,2017-07-01
2018-11,974,LA REUNION,04,LA REUNION,AAH sans complément,Entre 60 et 64 ans,1801,LA REUNION/LA REUNION,2018-11-01
2018-11,974,LA REUNION,04,LA REUNION,AAH sans complément,65 ans ou plus,770,LA REUNION/LA REUNION,2018-11-01
2018-11,974,LA REUNION,04,LA REUNION,AAH avec complément,Entre 35 et 39 ans,225,LA REUNION/LA REUNION,2018-11-01
2018-11,974,LA REUNION,04,LA REUNION,AAH avec complément,Entre 60 et 64 ans,548,LA REUNION/LA REUNION,2018-11-01
2016-12,974,LA REUNION,04,LA REUNION,AAH sans complément,Entre 30 et 34 ans,1331,LA REUNION/LA REUNION,2016-12-01
2016-12,974,LA REUNION,04,LA REUNION,AAH sans complément,Entre 50 et 54 ans,2499,LA REUNION/LA REUNION,2016-12-01
2016-12,974,LA REUNION,04,LA REUNION,AAH avec complément,Moins de 20 ans,4,LA REUNION/LA REUNION,2016-12-01
2016-12,974,LA REUNION,04,LA REUNION,AAH avec complément,Entre 35 et 39 ans,180,LA REUNION/LA REUNION,2016-12-01
2017-01,974,LA REUNION,04,LA REUNION,AAH sans complément,Entre 45 et 49 ans,1989,LA REUNION/LA REUNION,2017-01-01
2017-01,974,LA REUNION,04,LA REUNION,AAH sans complément,Entre 50 et 54 ans,2484,LA REUNION/LA REUNION,2017-01-01
2017-01,974,LA REUNION,04,LA REUNION,AAH sans complément,Entre 55 et 59 ans,2546,LA REUNION/LA REUNION,2017-01-01
2017-01,974,LA REUNION,04,LA REUNION,AAH sans complément,Entre 60 et 64 ans,1447,LA REUNION/LA REUNION,2017-01-01
2017-01,974,LA REUNION,04,LA REUNION,AAH sans complément,65 ans ou plus,542,LA REUNION/LA REUNION,2017-01-01
2017-01,974,LA REUNION,04,LA REUNION,AAH avec complément,Moins de 20 ans,4,LA REUNION/LA REUNION,2017-01-01
2017-01,974,LA REUNION,04,LA REUNION,AAH avec complément,Entre 25 et 29 ans,113,LA REUNION/LA REUNION,2017-01-01
2017-01,974,LA REUNION,04,LA REUNION,AAH avec complément,Entre 30 et 34 ans,161,LA REUNION/LA REUNION,2017-01-01
2017-01,974,LA REUNION,04,LA REUNION,AAH avec complément,Entre 45 et 49 ans,393,LA REUNION/LA REUNION,2017-01-01
2017-01,974,LA REUNION,04,LA REUNION,AAH avec complément,Entre 50 et 54 ans,514,LA REUNION/LA REUNION,2017-01-01
2017-01,974,LA REUNION,04,LA REUNION,AAH avec complément,Entre 60 et 64 ans,464,LA REUNION/LA REUNION,2017-01-01
2017-10,974,LA REUNION,04,LA REUNION,AAH sans complément,Entre 20 et 24 ans,1202,LA REUNION/LA REUNION,2017-10-01
2017-10,974,LA REUNION,04,LA REUNION,AAH sans complément,Entre 25 et 29 ans,1320,LA REUNION/LA REUNION,2017-10-01
2017-10,974,LA REUNION,04,LA REUNION,AAH sans complément,Entre 30 et 34 ans,1397,LA REUNION/LA REUNION,2017-10-01
2017-10,974,LA REUNION,04,LA REUNION,AAH sans complément,Entre 35 et 39 ans,1327,LA REUNION/LA REUNION,2017-10-01
2017-10,974,LA REUNION,04,LA REUNION,AAH avec complément,Entre 55 et 59 ans,605,LA REUNION/LA REUNION,2017-10-01
2017-10,974,LA REUNION,04,LA REUNION,AAH avec complément,65 ans ou plus,223,LA REUNION/LA REUNION,2017-10-01
2016-07,974,LA REUNION,04,LA REUNION,AAH avec complément,Entre 30 et 34 ans,159,LA REUNION/LA REUNION,2016-07-01
2016-07,974,LA REUNION,04,LA REUNION,AAH avec complément,Entre 45 et 49 ans,396,LA REUNION/LA REUNION,2016-07-01
2019-04,974,LA REUNION,04,LA REUNION,AAH sans complément,Entre 25 et 29 ans,1368,LA REUNION/LA REUNION,2019-04-01
2019-04,974,LA REUNION,04,LA REUNION,AAH sans complément,Entre 45 et 49 ans,1893,LA REUNION/LA REUNION,2019-04-01
2019-04,974,LA REUNION,04,LA REUNION,AAH sans complément,Entre 50 et 54 ans,2617,LA REUNION/LA REUNION,2019-04-01
2019-04,974,LA REUNION,04,LA REUNION,AAH sans complément,65 ans ou plus,821,LA REUNION/LA REUNION,2019-04-01
2019-04,974,LA REUNION,04,LA REUNION,AAH avec complément,Age indéterminé,1,LA REUNION/LA REUNION,2019-04-01
2019-04,974,LA REUNION,04,LA REUNION,AAH avec complément,Entre 30 et 34 ans,189,LA REUNION/LA REUNION,2019-04-01
2019-04,974,LA REUNION,04,LA REUNION,AAH avec complément,Entre 50 et 54 ans,585,LA REUNION/LA REUNION,2019-04-01
2017-06,974,LA REUNION,04,LA REUNION,AAH avec complément,Moins de 20 ans,3,LA REUNION/LA REUNION,2017-06-01
2017-06,974,LA REUNION,04,LA REUNION,AAH avec complément,Entre 20 et 24 ans,69,LA REUNION/LA REUNION,2017-06-01
2017-06,974,LA REUNION,04,LA REUNION,AAH avec complément,Entre 25 et 29 ans,115,LA REUNION/LA REUNION,2017-06-01
2017-06,974,LA REUNION,04,LA REUNION,AAH avec complément,Entre 35 et 39 ans,208,LA REUNION/LA REUNION,2017-06-01
2017-06,974,LA REUNION,04,LA REUNION,AAH avec complément,Entre 40 et 44 ans,297,LA REUNION/LA REUNION,2017-06-01
2017-06,974,LA REUNION,04,LA REUNION,AAH avec complément,Entre 60 et 64 ans,503,LA REUNION/LA REUNION,2017-06-01
2017-06,974,LA REUNION,04,LA REUNION,AAH avec complément,65 ans ou plus,211,LA REUNION/LA REUNION,2017-06-01
2017-05,974,LA REUNION,04,LA REUNION,AAH sans complément,Entre 25 et 29 ans,1274,LA REUNION/LA REUNION,2017-05-01
2017-05,974,LA REUNION,04,LA REUNION,AAH sans complément,Entre 50 et 54 ans,2559,LA REUNION/LA REUNION,2017-05-01
2017-05,974,LA REUNION,04,LA REUNION,AAH sans complément,65 ans ou plus,574,LA REUNION/LA REUNION,2017-05-01
2017-05,974,LA REUNION,04,LA REUNION,AAH avec complément,Age indéterminé,3,LA REUNION/LA REUNION,2017-05-01
2017-05,974,LA REUNION,04,LA REUNION,AAH avec complément,Moins de 20 ans,3,LA REUNION/LA REUNION,2017-05-01
2017-05,974,LA REUNION,04,LA REUNION,AAH avec complément,Entre 25 et 29 ans,120,LA REUNION/LA REUNION,2017-05-01
2017-06,974,LA REUNION,04,LA REUNION,AAH sans complément,Entre 20 et 24 ans,1220,LA REUNION/LA REUNION,2017-06-01
2017-06,974,LA REUNION,04,LA REUNION,AAH sans complément,Entre 40 et 44 ans,1499,LA REUNION/LA REUNION,2017-06-01
2017-06,974,LA REUNION,04,LA REUNION,AAH sans complément,Entre 50 et 54 ans,2546,LA REUNION/LA REUNION,2017-06-01
2017-06,974,LA REUNION,04,LA REUNION,AAH sans complément,65 ans ou plus,583,LA REUNION/LA REUNION,2017-06-01
2018-06,974,LA REUNION,04,LA REUNION,AAH sans complément,Entre 30 et 34 ans,1391,LA REUNION/LA REUNION,2018-06-01
2018-06,974,LA REUNION,04,LA REUNION,AAH sans complément,Entre 45 et 49 ans,1950,LA REUNION/LA REUNION,2018-06-01
2018-06,974,LA REUNION,04,LA REUNION,AAH sans complément,Entre 55 et 59 ans,2795,LA REUNION/LA REUNION,2018-06-01
2018-06,974,LA REUNION,04,LA REUNION,AAH sans complément,Entre 60 et 64 ans,1700,LA REUNION/LA REUNION,2018-06-01
2018-06,974,LA REUNION,04,LA REUNION,AAH avec complément,Entre 20 et 24 ans,70,LA REUNION/LA REUNION,2018-06-01
2018-06,974,LA REUNION,04,LA REUNION,AAH avec complément,Entre 30 et 34 ans,176,LA REUNION/LA REUNION,2018-06-01
2018-06,974,LA REUNION,04,LA REUNION,AAH avec complément,Entre 60 et 64 ans,529,LA REUNION/LA REUNION,2018-06-01
2018-06,974,LA REUNION,04,LA REUNION,AAH avec complément,65 ans ou plus,278,LA REUNION/LA REUNION,2018-06-01
2018-04,974,LA REUNION,04,LA REUNION,AAH sans complément,Moins de 20 ans,18,LA REUNION/LA REUNION,2018-04-01
2018-04,974,LA REUNION,04,LA REUNION,AAH sans complément,Entre 30 et 34 ans,1405,LA REUNION/LA REUNION,2018-04-01
2018-04,974,LA REUNION,04,LA REUNION,AAH sans complément,Entre 35 et 39 ans,1359,LA REUNION/LA REUNION,2018-04-01
2018-04,974,LA REUNION,04,LA REUNION,AAH sans complément,Entre 50 et 54 ans,2610,LA REUNION/LA REUNION,2018-04-01
2018-04,974,LA REUNION,04,LA REUNION,AAH sans complément,Entre 60 et 64 ans,1695,LA REUNION/LA REUNION,2018-04-01
2018-04,974,LA REUNION,04,LA REUNION,AAH avec complément,Entre 25 et 29 ans,127,LA REUNION/LA REUNION,2018-04-01
2017-03,974,LA REUNION,04,LA REUNION,AAH sans complément,Moins de 20 ans,12,LA REUNION/LA REUNION,2017-03-01
2017-03,974,LA REUNION,04,LA REUNION,AAH sans complément,Entre 45 et 49 ans,1984,LA REUNION/LA REUNION,2017-03-01
2017-03,974,LA REUNION,04,LA REUNION,AAH sans complément,Entre 50 et 54 ans,2504,LA REUNION/LA REUNION,2017-03-01
2017-03,974,LA REUNION,04,LA REUNION,AAH sans complément,65 ans ou plus,560,LA REUNION/LA REUNION,2017-03-01
2017-03,974,LA REUNION,04,LA REUNION,AAH avec complément,Entre 45 et 49 ans,406,LA REUNION/LA REUNION,2017-03-01
2017-03,974,LA REUNION,04,LA REUNION,AAH avec complément,Entre 55 et 59 ans,580,LA REUNION/LA REUNION,2017-03-01
2017-03,974,LA REUNION,04,LA REUNION,AAH avec complément,Entre 60 et 64 ans,474,LA REUNION/LA REUNION,2017-03-01
2017-03,974,LA REUNION,04,LA REUNION,AAH avec complément,65 ans ou plus,199,LA REUNION/LA REUNION,2017-03-01
2016-10,974,LA REUNION,04,LA REUNION,AAH sans complément,Moins de 20 ans,12,LA REUNION/LA REUNION,2016-10-01
2016-10,974,LA REUNION,04,LA REUNION,AAH sans complément,Entre 40 et 44 ans,1481,LA REUNION/LA REUNION,2016-10-01
2016-10,974,LA REUNION,04,LA REUNION,AAH avec complément,Moins de 20 ans,4,LA REUNION/LA REUNION,2016-10-01
2016-10,974,LA REUNION,04,LA REUNION,AAH avec complément,Entre 20 et 24 ans,69,LA REUNION/LA REUNION,2016-10-01
2016-10,974,LA REUNION,04,LA REUNION,AAH avec complément,Entre 30 et 34 ans,153,LA REUNION/LA REUNION,2016-10-01
2016-10,974,LA REUNION,04,LA REUNION,AAH avec complément,Entre 35 et 39 ans,175,LA REUNION/LA REUNION,2016-10-01
2016-10,974,LA REUNION,04,LA REUNION,AAH avec complément,Entre 60 et 64 ans,447,LA REUNION/LA REUNION,2016-10-01
2018-05,974,LA REUNION,04,LA REUNION,AAH sans complément,Entre 30 et 34 ans,1396,LA REUNION/LA REUNION,2018-05-01
2018-05,974,LA REUNION,04,LA REUNION,AAH sans complément,Entre 35 et 39 ans,1365,LA REUNION/LA REUNION,2018-05-01
2018-05,974,LA REUNION,04,LA REUNION,AAH avec complément,Age indéterminé,3,LA REUNION/LA REUNION,2018-05-01
2018-05,974,LA REUNION,04,LA REUNION,AAH avec complément,Entre 20 et 24 ans,69,LA REUNION/LA REUNION,2018-05-01
2018-05,974,LA REUNION,04,LA REUNION,AAH avec complément,Entre 45 et 49 ans,392,LA REUNION/LA REUNION,2018-05-01
2018-03,974,LA REUNION,04,LA REUNION,AAH sans complément,Age indéterminé,15,LA REUNION/LA REUNION,2018-03-01
2018-03,974,LA REUNION,04,LA REUNION,AAH sans complément,Moins de 20 ans,19,LA REUNION/LA REUNION,2018-03-01
2018-03,974,LA REUNION,04,LA REUNION,AAH sans complément,Entre 30 et 34 ans,1408,LA REUNION/LA REUNION,2018-03-01
2018-03,974,LA REUNION,04,LA REUNION,AAH sans complément,Entre 35 et 39 ans,1348,LA REUNION/LA REUNION,2018-03-01
2018-03,974,LA REUNION,04,LA REUNION,AAH avec complément,Moins de 20 ans,4,LA REUNION/LA REUNION,2018-03-01
2018-03,974,LA REUNION,04,LA REUNION,AAH avec complément,Entre 35 et 39 ans,210,LA REUNION/LA REUNION,2018-03-01
2017-11,974,LA REUNION,04,LA REUNION,AAH sans complément,Moins de 20 ans,17,LA REUNION/LA REUNION,2017-11-01
2017-11,974,LA REUNION,04,LA REUNION,AAH sans complément,Entre 55 et 59 ans,2667,LA REUNION/LA REUNION,2017-11-01
2017-11,974,LA REUNION,04,LA REUNION,AAH avec complément,Entre 25 et 29 ans,116,LA REUNION/LA REUNION,2017-11-01
2017-11,974,LA REUNION,04,LA REUNION,AAH avec complément,Age indéterminé,2,LA REUNION/LA REUNION,2017-11-01
2017-11,974,LA REUNION,04,LA REUNION,AAH avec complément,Entre 50 et 54 ans,540,LA REUNION/LA REUNION,2017-11-01
2017-04,974,LA REUNION,04,LA REUNION,AAH sans complément,Age indéterminé,9,LA REUNION/LA REUNION,2017-04-01
2017-04,974,LA REUNION,04,LA REUNION,AAH sans complément,Moins de 20 ans,15,LA REUNION/LA REUNION,2017-04-01
2017-04,974,LA REUNION,04,LA REUNION,AAH sans complément,Entre 45 et 49 ans,1996,LA REUNION/LA REUNION,2017-04-01
2017-04,974,LA REUNION,04,LA REUNION,AAH sans complément,65 ans ou plus,571,LA REUNION/LA REUNION,2017-04-01
2017-04,974,LA REUNION,04,LA REUNION,AAH avec complément,Entre 35 et 39 ans,200,LA REUNION/LA REUNION,2017-04-01
2017-04,974,LA REUNION,04,LA REUNION,AAH avec complément,Entre 45 et 49 ans,406,LA REUNION/LA REUNION,2017-04-01
2017-04,974,LA REUNION,04,LA REUNION,AAH avec complément,Entre 50 et 54 ans,512,LA REUNION/LA REUNION,2017-04-01
2017-04,974,LA REUNION,04,LA REUNION,AAH avec complément,Entre 60 et 64 ans,487,LA REUNION/LA REUNION,2017-04-01
2017-05,974,LA REUNION,04,LA REUNION,AAH sans complément,Entre 40 et 44 ans,1499,LA REUNION/LA REUNION,2017-05-01
2017-05,974,LA REUNION,04,LA REUNION,AAH avec complément,Entre 35 et 39 ans,211,LA REUNION/LA REUNION,2017-05-01
2017-05,974,LA REUNION,04,LA REUNION,AAH avec complément,Entre 55 et 59 ans,585,LA REUNION/LA REUNION,2017-05-01
2016-09,974,LA REUNION,04,LA REUNION,AAH sans complément,Entre 30 et 34 ans,1319,LA REUNION/LA REUNION,2016-09-01
2016-09,974,LA REUNION,04,LA REUNION,AAH sans complément,Entre 40 et 44 ans,1501,LA REUNION/LA REUNION,2016-09-01
2016-09,974,LA REUNION,04,LA REUNION,AAH sans complément,Entre 45 et 49 ans,1925,LA REUNION/LA REUNION,2016-09-01
2016-09,974,LA REUNION,04,LA REUNION,AAH sans complément,Entre 50 et 54 ans,2488,LA REUNION/LA REUNION,2016-09-01
2016-09,974,LA REUNION,04,LA REUNION,AAH sans complément,Entre 60 et 64 ans,1337,LA REUNION/LA REUNION,2016-09-01
2016-09,974,LA REUNION,04,LA REUNION,AAH avec complément,Age indéterminé,6,LA REUNION/LA REUNION,2016-09-01
2016-09,974,LA REUNION,04,LA REUNION,AAH avec complément,Entre 20 et 24 ans,66,LA REUNION/LA REUNION,2016-09-01
2016-09,974,LA REUNION,04,LA REUNION,AAH avec complément,Entre 35 et 39 ans,170,LA REUNION/LA REUNION,2016-09-01
2016-09,974,LA REUNION,04,LA REUNION,AAH avec complément,Entre 55 et 59 ans,567,LA REUNION/LA REUNION,2016-09-01
2018-08,974,LA REUNION,04,LA REUNION,AAH sans complément,Entre 40 et 44 ans,1505,LA REUNION/LA REUNION,2018-08-01
2018-08,974,LA REUNION,04,LA REUNION,AAH sans complément,Entre 45 et 49 ans,1941,LA REUNION/LA REUNION,2018-08-01
2018-08,974,LA REUNION,04,LA REUNION,AAH sans complément,Entre 50 et 54 ans,2600,LA REUNION/LA REUNION,2018-08-01
2018-08,974,LA REUNION,04,LA REUNION,AAH sans complément,65 ans ou plus,729,LA REUNION/LA REUNION,2018-08-01
2018-08,974,LA REUNION,04,LA REUNION,AAH avec complément,Entre 40 et 44 ans,304,LA REUNION/LA REUNION,2018-08-01
2018-08,974,LA REUNION,04,LA REUNION,AAH avec complément,Entre 45 et 49 ans,400,LA REUNION/LA REUNION,2018-08-01
2017-02,974,LA REUNION,04,LA REUNION,AAH sans complément,Moins de 20 ans,10,LA REUNION/LA REUNION,2017-02-01
2017-02,974,LA REUNION,04,LA REUNION,AAH sans complément,Entre 35 et 39 ans,1283,LA REUNION/LA REUNION,2017-02-01
2017-02,974,LA REUNION,04,LA REUNION,AAH sans complément,Entre 45 et 49 ans,1985,LA REUNION/LA REUNION,2017-02-01
2017-02,974,LA REUNION,04,LA REUNION,AAH sans complément,Entre 50 et 54 ans,2510,LA REUNION/LA REUNION,2017-02-01
2017-02,974,LA REUNION,04,LA REUNION,AAH sans complément,Entre 60 et 64 ans,1469,LA REUNION/LA REUNION,2017-02-01
2017-02,974,LA REUNION,04,LA REUNION,AAH avec complément,Entre 20 et 24 ans,68,LA REUNION/LA REUNION,2017-02-01
2017-02,974,LA REUNION,04,LA REUNION,AAH avec complément,Entre 45 et 49 ans,398,LA REUNION/LA REUNION,2017-02-01
2017-02,974,LA REUNION,04,LA REUNION,AAH avec complément,Entre 55 et 59 ans,569,LA REUNION/LA REUNION,2017-02-01
2016-11,974,LA REUNION,04,LA REUNION,AAH sans complément,Entre 35 et 39 ans,1339,LA REUNION/LA REUNION,2016-11-01
2016-11,974,LA REUNION,04,LA REUNION,AAH sans complément,Entre 55 et 59 ans,2542,LA REUNION/LA REUNION,2016-11-01
2016-11,974,LA REUNION,04,LA REUNION,AAH sans complément,Entre 60 et 64 ans,1392,LA REUNION/LA REUNION,2016-11-01
2016-11,974,LA REUNION,04,LA REUNION,AAH sans complément,65 ans ou plus,536,LA REUNION/LA REUNION,2016-11-01
2016-11,974,LA REUNION,04,LA REUNION,AAH avec complément,Age indéterminé,2,LA REUNION/LA REUNION,2016-11-01
2016-11,974,LA REUNION,04,LA REUNION,AAH avec complément,Entre 20 et 24 ans,67,LA REUNION/LA REUNION,2016-11-01
2016-11,974,LA REUNION,04,LA REUNION,AAH avec complément,Entre 45 et 49 ans,407,LA REUNION/LA REUNION,2016-11-01
2016-07,974,LA REUNION,04,LA REUNION,AAH sans complément,Entre 20 et 24 ans,1226,LA REUNION/LA REUNION,2016-07-01
2016-07,974,LA REUNION,04,LA REUNION,AAH sans complément,Entre 40 et 44 ans,1529,LA REUNION/LA REUNION,2016-07-01
2016-07,974,LA REUNION,04,LA REUNION,AAH sans complément,Entre 60 et 64 ans,1295,LA REUNION/LA REUNION,2016-07-01
2016-07,974,LA REUNION,04,LA REUNION,AAH avec complément,Entre 25 et 29 ans,111,LA REUNION/LA REUNION,2016-07-01
2016-06,974,LA REUNION,04,LA REUNION,AAH sans complément,Entre 30 et 34 ans,1345,LA REUNION/LA REUNION,2016-06-01
2016-06,974,LA REUNION,04,LA REUNION,AAH sans complément,Entre 55 et 59 ans,2478,LA REUNION/LA REUNION,2016-06-01
2016-06,974,LA REUNION,04,LA REUNION,AAH sans complément,Entre 60 et 64 ans,1282,LA REUNION/LA REUNION,2016-06-01
2016-06,974,LA REUNION,04,LA REUNION,AAH avec complément,Entre 20 et 24 ans,65,LA REUNION/LA REUNION,2016-06-01
2016-06,974,LA REUNION,04,LA REUNION,AAH avec complément,Entre 30 et 34 ans,154,LA REUNION/LA REUNION,2016-06-01
2016-06,974,LA REUNION,04,LA REUNION,AAH avec complément,Entre 35 et 39 ans,158,LA REUNION/LA REUNION,2016-06-01
2016-06,974,LA REUNION,04,LA REUNION,AAH avec complément,Entre 50 et 54 ans,501,LA REUNION/LA REUNION,2016-06-01
2016-06,974,LA REUNION,04,LA REUNION,AAH avec complément,Entre 60 et 64 ans,422,LA REUNION/LA REUNION,2016-06-01
2016-06,974,LA REUNION,04,LA REUNION,AAH avec complément,65 ans ou plus,151,LA REUNION/LA REUNION,2016-06-01
2016-08,974,LA REUNION,04,LA REUNION,AAH sans complément,Age indéterminé,14,LA REUNION/LA REUNION,2016-08-01
2016-08,974,LA REUNION,04,LA REUNION,AAH sans complément,Entre 25 et 29 ans,1248,LA REUNION/LA REUNION,2016-08-01
2016-08,974,LA REUNION,04,LA REUNION,AAH sans complément,Entre 35 et 39 ans,1333,LA REUNION/LA REUNION,2016-08-01
2016-08,974,LA REUNION,04,LA REUNION,AAH sans complément,Entre 55 et 59 ans,2476,LA REUNION/LA REUNION,2016-08-01
2016-08,974,LA REUNION,04,LA REUNION,AAH sans complément,65 ans ou plus,502,LA REUNION/LA REUNION,2016-08-01
2016-08,974,LA REUNION,04,LA REUNION,AAH avec complément,Entre 40 et 44 ans,286,LA REUNION/LA REUNION,2016-08-01
2016-08,974,LA REUNION,04,LA REUNION,AAH avec complément,Entre 50 et 54 ans,507,LA REUNION/LA REUNION,2016-08-01
2016-08,974,LA REUNION,04,LA REUNION,AAH avec complément,65 ans ou plus,163,LA REUNION/LA REUNION,2016-08-01
2026-02,974,LA REUNION,04,LA REUNION,AAH sans complément,Age indéterminé,12,LA REUNION/LA REUNION,2026-02-01
2026-02,974,LA REUNION,04,LA REUNION,AAH sans complément,Entre 20 et 24 ans,1309,LA REUNION/LA REUNION,2026-02-01
2026-02,974,LA REUNION,04,LA REUNION,AAH sans complément,Entre 35 et 39 ans,1666,LA REUNION/LA REUNION,2026-02-01
2026-02,974,LA REUNION,04,LA REUNION,AAH sans complément,Entre 50 et 54 ans,2548,LA REUNION/LA REUNION,2026-02-01
2026-02,974,LA REUNION,04,LA REUNION,AAH sans complément,Entre 55 et 59 ans,3266,LA REUNION/LA REUNION,2026-02-01
2026-02,974,LA REUNION,04,LA REUNION,AAH avec complément,Entre 50 et 54 ans,413,LA REUNION/LA REUNION,2026-02-01
2026-02,974,LA REUNION,04,LA REUNION,AAH avec complément,65 ans ou plus,612,LA REUNION/LA REUNION,2026-02-01
2025-12,974,LA REUNION,04,LA REUNION,AAH sans complément,Age indéterminé,16,LA REUNION/LA REUNION,2025-12-01
2025-12,974,LA REUNION,04,LA REUNION,AAH sans complément,Moins de 20 ans,15,LA REUNION/LA REUNION,2025-12-01
2025-12,974,LA REUNION,04,LA REUNION,AAH sans complément,Entre 40 et 44 ans,1974,LA REUNION/LA REUNION,2025-12-01
2025-12,974,LA REUNION,04,LA REUNION,AAH sans complément,Entre 50 et 54 ans,2566,LA REUNION/LA REUNION,2025-12-01
2025-12,974,LA REUNION,04,LA REUNION,AAH sans complément,Entre 55 et 59 ans,3244,LA REUNION/LA REUNION,2025-12-01
2025-12,974,LA REUNION,04,LA REUNION,AAH sans complément,Entre 60 et 64 ans,2330,LA REUNION/LA REUNION,2025-12-01
2025-11,974,LA REUNION,04,LA REUNION,AAH sans complément,Moins de 20 ans,13,LA REUNION/LA REUNION,2025-11-01
2025-11,974,LA REUNION,04,LA REUNION,AAH avec complément,Entre 25 et 29 ans,61,LA REUNION/LA REUNION,2025-11-01
2025-11,974,LA REUNION,04,LA REUNION,AAH avec complément,Entre 35 et 39 ans,191,LA REUNION/LA REUNION,2025-11-01
2025-11,974,LA REUNION,04,LA REUNION,AAH avec complément,65 ans ou plus,636,LA REUNION/LA REUNION,2025-11-01
2025-10,974,LA REUNION,04,LA REUNION,AAH sans complément,65 ans ou plus,1481,LA REUNION/LA REUNION,2025-10-01
2025-10,974,LA REUNION,04,LA REUNION,AAH avec complément,Entre 50 et 54 ans,426,LA REUNION/LA REUNION,2025-10-01
2025-06,974,LA REUNION,04,LA REUNION,AAH sans complément,Entre 25 et 29 ans,1475,LA REUNION/LA REUNION,2025-06-01
2025-06,974,LA REUNION,04,LA REUNION,AAH sans complément,Entre 40 et 44 ans,1944,LA REUNION/LA REUNION,2025-06-01
2025-06,974,LA REUNION,04,LA REUNION,AAH sans complément,Entre 50 et 54 ans,2511,LA REUNION/LA REUNION,2025-06-01
2025-06,974,LA REUNION,04,LA REUNION,AAH sans complément,Entre 55 et 59 ans,3274,LA REUNION/LA REUNION,2025-06-01
2025-06,974,LA REUNION,04,LA REUNION,AAH sans complément,Entre 60 et 64 ans,2293,LA REUNION/LA REUNION,2025-06-01
2025-06,974,LA REUNION,04,LA REUNION,AAH avec complément,Age indéterminé,5,LA REUNION/LA REUNION,2025-06-01
2025-06,974,LA REUNION,04,LA REUNION,AAH avec complément,Entre 25 et 29 ans,58,LA REUNION/LA REUNION,2025-06-01
2025-06,974,LA REUNION,04,LA REUNION,AAH avec complément,Entre 35 et 39 ans,185,LA REUNION/LA REUNION,2025-06-01
2025-09,974,LA REUNION,04,LA REUNION,AAH sans complément,Moins de 20 ans,11,LA REUNION/LA REUNION,2025-09-01
2025-09,974,LA REUNION,04,LA REUNION,AAH sans complément,Entre 30 et 34 ans,1622,LA REUNION/LA REUNION,2025-09-01
2025-09,974,LA REUNION,04,LA REUNION,AAH sans complément,Entre 35 et 39 ans,1674,LA REUNION/LA REUNION,2025-09-01
2025-09,974,LA REUNION,04,LA REUNION,AAH sans complément,Entre 45 et 49 ans,2022,LA REUNION/LA REUNION,2025-09-01
2025-09,974,LA REUNION,04,LA REUNION,AAH avec complément,Age indéterminé,5,LA REUNION/LA REUNION,2025-09-01
2025-09,974,LA REUNION,04,LA REUNION,AAH avec complément,Entre 50 et 54 ans,426,LA REUNION/LA REUNION,2025-09-01
2025-09,974,LA REUNION,04,LA REUNION,AAH avec complément,Entre 55 et 59 ans,634,LA REUNION/LA REUNION,2025-09-01
2025-09,974,LA REUNION,04,LA REUNION,AAH avec complément,Entre 60 et 64 ans,641,LA REUNION/LA REUNION,2025-09-01
2025-08,974,LA REUNION,04,LA REUNION,AAH sans complément,Moins de 20 ans,11,LA REUNION/LA REUNION,2025-08-01
2025-07,974,LA REUNION,04,LA REUNION,AAH sans complément,Entre 35 et 39 ans,1653,LA REUNION/LA REUNION,2025-07-01
2025-07,974,LA REUNION,04,LA REUNION,AAH sans complément,Moins de 20 ans,9,LA REUNION/LA REUNION,2025-07-01
2025-07,974,LA REUNION,04,LA REUNION,AAH avec complément,Age indéterminé,3,LA REUNION/LA REUNION,2025-07-01
2025-07,974,LA REUNION,04,LA REUNION,AAH avec complément,Moins de 20 ans,2,LA REUNION/LA REUNION,2025-07-01
2025-07,974,LA REUNION,04,LA REUNION,AAH avec complément,Entre 30 et 34 ans,139,LA REUNION/LA REUNION,2025-07-01
2025-04,974,LA REUNION,04,LA REUNION,AAH sans complément,Entre 40 et 44 ans,1947,LA REUNION/LA REUNION,2025-04-01
2025-04,974,LA REUNION,04,LA REUNION,AAH sans complément,Entre 50 et 54 ans,2516,LA REUNION/LA REUNION,2025-04-01
2025-04,974,LA REUNION,04,LA REUNION,AAH avec complément,Moins de 20 ans,2,LA REUNION/LA REUNION,2025-04-01
2025-04,974,LA REUNION,04,LA REUNION,AAH avec complément,Entre 40 et 44 ans,245,LA REUNION/LA REUNION,2025-04-01
2025-04,974,LA REUNION,04,LA REUNION,AAH avec complément,Entre 45 et 49 ans,305,LA REUNION/LA REUNION,2025-04-01
2025-04,974,LA REUNION,04,LA REUNION,AAH avec complément,Entre 50 et 54 ans,440,LA REUNION/LA REUNION,2025-04-01
2025-04,974,LA REUNION,04,LA REUNION,AAH avec complément,Entre 55 et 59 ans,650,LA REUNION/LA REUNION,2025-04-01
2025-05,974,LA REUNION,04,LA REUNION,AAH sans complément,Moins de 20 ans,6,LA REUNION/LA REUNION,2025-05-01
2025-05,974,LA REUNION,04,LA REUNION,AAH sans complément,Entre 20 et 24 ans,1264,LA REUNION/LA REUNION,2025-05-01
2025-05,974,LA REUNION,04,LA REUNION,AAH sans complément,Entre 35 et 39 ans,1656,LA REUNION/LA REUNION,2025-05-01
2025-05,974,LA REUNION,04,LA REUNION,AAH sans complément,Entre 45 et 49 ans,2014,LA REUNION/LA REUNION,2025-05-01
2025-05,974,LA REUNION,04,LA REUNION,AAH sans complément,Entre 50 et 54 ans,2503,LA REUNION/LA REUNION,2025-05-01
2025-05,974,LA REUNION,04,LA REUNION,AAH sans complément,65 ans ou plus,1420,LA REUNION/LA REUNION,2025-05-01
2025-05,974,LA REUNION,04,LA REUNION,AAH avec complément,Age indéterminé,2,LA REUNION/LA REUNION,2025-05-01
2025-05,974,LA REUNION,04,LA REUNION,AAH avec complément,Entre 20 et 24 ans,28,LA REUNION/LA REUNION,2025-05-01
2025-05,974,LA REUNION,04,LA REUNION,AAH avec complément,Entre 25 et 29 ans,57,LA REUNION/LA REUNION,2025-05-01
2025-05,974,LA REUNION,04,LA REUNION,AAH avec complément,Entre 30 et 34 ans,143,LA REUNION/LA REUNION,2025-05-01
2025-05,974,LA REUNION,04,LA REUNION,AAH avec complément,Entre 60 et 64 ans,635,LA REUNION/LA REUNION,2025-05-01
2026-01,974,LA REUNION,04,LA REUNION,AAH sans complément,Entre 30 et 34 ans,1641,LA REUNION/LA REUNION,2026-01-01
2026-01,974,LA REUNION,04,LA REUNION,AAH sans complément,Entre 35 et 39 ans,1677,LA REUNION/LA REUNION,2026-01-01
2026-01,974,LA REUNION,04,LA REUNION,AAH sans complément,Entre 40 et 44 ans,1974,LA REUNION/LA REUNION,2026-01-01
2026-01,974,LA REUNION,04,LA REUNION,AAH sans complément,Entre 45 et 49 ans,2016,LA REUNION/LA REUNION,2026-01-01
2026-01,974,LA REUNION,04,LA REUNION,AAH avec complément,Age indéterminé,4,LA REUNION/LA REUNION,2026-01-01
2026-01,974,LA REUNION,04,LA REUNION,AAH avec complément,Entre 20 et 24 ans,20,LA REUNION/LA REUNION,2026-01-01
2026-01,974,LA REUNION,04,LA REUNION,AAH avec complément,Entre 25 et 29 ans,62,LA REUNION/LA REUNION,2026-01-01
2026-01,974,LA REUNION,04,LA REUNION,AAH avec complément,Entre 50 et 54 ans,413,LA REUNION/LA REUNION,2026-01-01
2026-01,974,LA REUNION,04,LA REUNION,AAH avec complément,Entre 55 et 59 ans,604,LA REUNION/LA REUNION,2026-01-01
2026-01,974,LA REUNION,04,LA REUNION,AAH avec complément,65 ans ou plus,603,LA REUNION/LA REUNION,2026-01-01
2025-12,974,LA REUNION,04,LA REUNION,AAH sans complément,65 ans ou plus,1505,LA REUNION/LA REUNION,2025-12-01
2025-12,974,LA REUNION,04,LA REUNION,AAH avec complément,Entre 20 et 24 ans,26,LA REUNION/LA REUNION,2025-12-01
2025-08,974,LA REUNION,04,LA REUNION,AAH sans complément,Entre 25 et 29 ans,1482,LA REUNION/LA REUNION,2025-08-01
2025-08,974,LA REUNION,04,LA REUNION,AAH sans complément,65 ans ou plus,1454,LA REUNION/LA REUNION,2025-08-01
2025-08,974,LA REUNION,04,LA REUNION,AAH avec complément,Moins de 20 ans,1,LA REUNION/LA REUNION,2025-08-01
2025-08,974,LA REUNION,04,LA REUNION,AAH avec complément,Entre 50 et 54 ans,436,LA REUNION/LA REUNION,2025-08-01
2025-03,974,LA REUNION,04,LA REUNION,AAH sans complément,Moins de 20 ans,9,LA REUNION/LA REUNION,2025-03-01
2025-03,974,LA REUNION,04,LA REUNION,AAH sans complément,Entre 20 et 24 ans,1231,LA REUNION/LA REUNION,2025-03-01
2025-03,974,LA REUNION,04,LA REUNION,AAH sans complément,65 ans ou plus,1374,LA REUNION/LA REUNION,2025-03-01
2025-03,974,LA REUNION,04,LA REUNION,AAH avec complément,Moins de 20 ans,1,LA REUNION/LA REUNION,2025-03-01
